--**************************************************************************************
-- Characters
--**************************************************************************************
DROP TABLE IF EXISTS character_types_colors;
DROP TABLE IF EXISTS specie_types_colors;
DROP TABLE IF EXISTS color;
DROP TYPE IF EXISTS character_types;
DROP TABLE IF EXISTS character;
DROP TABLE IF EXISTS character_species;
DROP TYPE IF EXISTS genders;
DROP TABLE IF EXISTS specie;
DROP TABLE IF EXISTS homeworld;

CREATE TABLE color (
    id serial not null constraint color_pk primary key,
    name varchar(100)
);

CREATE TYPE genders as ENUM ('NA', 'male', 'female','hermaphrodite', 'none');

CREATE TABLE character_species (
    id serial not null constraint character_species_pk primary key,
    name varchar(100)
);

CREATE TABLE homeworld (
    id serial not null constraint homeworld_pk primary key,
    name varchar(100)
);

CREATE TABLE character (
    id serial not null constraint character_pk primary key,
    name varchar(100),
    height int,
    mass int,
    birth_year varchar(20),
    gender genders,
    homeworld_id integer constraint homeworld_fk references homeworld,
    character_specie_id integer constraint character_specie_fk references character_species
);

CREATE TYPE character_types AS ENUM ('hair', 'skin', 'eye');

CREATE TABLE character_types_colors (
    character_id integer constraint character_fk references character,
    type character_types,
    color_id integer constraint color_fk references color
);

--**************************************************************************************
-- Planets
--**************************************************************************************
DROP TABLE IF EXISTS planets_terrains;
DROP TABLE IF EXISTS planets_climates;
DROP TABLE IF EXISTS climate;
DROP TABLE IF EXISTS terrain;
DROP TABLE IF EXISTS planet;

CREATE TABLE climate (
    id serial not null constraint climate_pk primary key,
    name varchar(50)
);

CREATE TABLE terrain (
    id serial not null constraint terrain_pk primary key,
    name varchar(50)
);

CREATE TABLE planet (
    id serial not null constraint planet_pk primary key,
    name varchar(100),
    rotation_period int,
    orbital_period int,
    diameter int,
    gravity varchar,
    surface_water int,
    population bigint
);

CREATE TABLE planets_terrains (
    planet_id integer not null constraint planet_fk references planet,
    terrain_id integer not null constraint terrain_fk references terrain
);

CREATE TABLE planets_climates (
    planet_id integer not null constraint planet_fk references planet,
    climat_id integer constraint climat_fk references climate
);

--**************************************************************************************
-- Species
--**************************************************************************************
DROP TABLE IF EXISTS language;
DROP TYPE IF EXISTS speciesClassification;
DROP TYPE IF EXISTS speciesDesignation;

CREATE TYPE speciesClassification as ENUM ('gastropod','mammal','reptile','amphibian','NA','mammals','insectoid','reptilian','artificial','sentient');

CREATE TYPE speciesDesignation as ENUM ('sentient', 'reptilian', 'NA');

CREATE TABLE language (
      id serial not null constraint language_pk primary key,
      name varchar(100)
);

CREATE TABLE specie (
    id serial not null constraint specie_pk primary key,
    name varchar(100),
    average_height int,
    average_lifespan int,
    classification speciesClassification,
    designation speciesDesignation,
    language_id integer constraint language_fk references language,
    homeworld_id integer constraint homeworld_fk references homeworld
);

CREATE TABLE specie_types_colors (
     specie_id integer constraint specie_fk references specie,
     type character_types,
     color_id integer constraint color_fk references color
);

--**************************************************************************************
-- Vehicles
--**************************************************************************************
drop table if exists starship;
drop table if exists vehicule;
drop table if exists vehiculeClass;
drop table if exists vehiculeModel;
drop table if exists vehiculeManufacturer;

create table vehiculeManufacturer
(
    id serial not null constraint vehicule_manufacturer_pk primary key,
    name varchar(100)
);

create table vehiculeModel
(
    id serial  not null constraint vehicule_model_pk primary key,
    name varchar(100),
    vehicule_anufacturer_id integer not null constraint vehicule_manufacturer_fk references vehiculeManufacturer
);

create table vehiculeClass
(
    id serial  not null constraint vehicule_class_pk primary key,
    name varchar(512)
);

create table vehicule (
    id serial not null constraint vehicule_pk primary key,
    name varchar(512),
    cost_in_credits int,
    length decimal(7,2),
    max_atmosphering_speed int,
    crew int,
    passengers int,
    cargo_capacity int,
    consumables varchar,
    vehicule_model_id integer not null constraint vehicule_model_fk references vehiculeModel,
    vehicule_class_id integer not null constraint vehicule_class_fk references vehiculeClass
);

CREATE TABLE starship (
    hyperdrive_rating decimal(7,2),
    mglt int
) INHERITS (vehicule);


insert into climate (id, name) values (1, 'temperate');
insert into climate (id, name) values (2, 'tropical');
insert into climate (id, name) values (3, 'frozen');
insert into climate (id, name) values (4, 'murky');
insert into climate (id, name) values (5, 'arid');
insert into climate (id, name) values (6, 'windy');
insert into climate (id, name) values (7, 'hot');
insert into climate (id, name) values (8, 'artificial temperate');
insert into climate (id, name) values (9, 'frigid');
insert into climate (id, name) values (10, 'humid');
insert into climate (id, name) values (11, 'moist');
insert into climate (id, name) values (12, 'polluted');
insert into climate (id, name) values (13, 'NA');
insert into climate (id, name) values (14, 'superheated');
insert into climate (id, name) values (15, 'subartic');
insert into climate (id, name) values (16, 'artic');
insert into climate (id, name) values (17, 'rocky');
insert into terrain (id, name) values (1, 'grasslands');
insert into terrain (id, name) values (2, 'mountains');
insert into terrain (id, name) values (3, 'jungle');
insert into terrain (id, name) values (4, 'rainforests');
insert into terrain (id, name) values (5, 'tundra');
insert into terrain (id, name) values (6, 'ice caves');
insert into terrain (id, name) values (7, 'mountain ranges');
insert into terrain (id, name) values (8, 'swamp');
insert into terrain (id, name) values (9, 'jungles');
insert into terrain (id, name) values (10, 'gas giant');
insert into terrain (id, name) values (11, 'forests');
insert into terrain (id, name) values (12, 'lakes');
insert into terrain (id, name) values (13, 'grassy hills');
insert into terrain (id, name) values (14, 'swamps');
insert into terrain (id, name) values (15, 'cityscape');
insert into terrain (id, name) values (16, 'ocean');
insert into terrain (id, name) values (17, 'rock');
insert into terrain (id, name) values (18, 'desert');
insert into terrain (id, name) values (19, 'mountain');
insert into terrain (id, name) values (20, 'barren');
insert into terrain (id, name) values (21, 'scrublands');
insert into terrain (id, name) values (22, 'savanna');
insert into terrain (id, name) values (23, 'canyons');
insert into terrain (id, name) values (24, 'sinkholes');
insert into terrain (id, name) values (25, 'volcanoes');
insert into terrain (id, name) values (26, 'lava rivers');
insert into terrain (id, name) values (27, 'caves');
insert into terrain (id, name) values (28, 'rivers');
insert into terrain (id, name) values (29, 'airless asteroid');
insert into terrain (id, name) values (30, 'glaciers');
insert into terrain (id, name) values (31, 'ice canyons');
insert into terrain (id, name) values (32, 'fungus forests');
insert into terrain (id, name) values (33, 'fields');
insert into terrain (id, name) values (34, 'rock arches');
insert into terrain (id, name) values (35, 'grass');
insert into terrain (id, name) values (36, 'plains');
insert into terrain (id, name) values (37, 'urban');
insert into terrain (id, name) values (38, 'hills');
insert into terrain (id, name) values (39, 'oceans');
insert into terrain (id, name) values (40, 'bogs');
insert into terrain (id, name) values (41, 'savannas');
insert into terrain (id, name) values (42, 'rocky islands');
insert into terrain (id, name) values (43, 'seas');
insert into terrain (id, name) values (44, 'mesas');
insert into terrain (id, name) values (45, 'NA');
insert into terrain (id, name) values (46, 'deserts');
insert into terrain (id, name) values (47, 'reefs');
insert into terrain (id, name) values (48, 'islands');
insert into terrain (id, name) values (49, 'rocky deserts');
insert into terrain (id, name) values (50, 'valleys');
insert into terrain (id, name) values (51, 'ash');
insert into terrain (id, name) values (52, 'toxic cloudsea');
insert into terrain (id, name) values (53, 'plateaus');
insert into terrain (id, name) values (54, 'verdant');
insert into terrain (id, name) values (55, 'rocky canyons');
insert into terrain (id, name) values (56, 'acid pools');
insert into terrain (id, name) values (57, 'rocky');
insert into terrain (id, name) values (58, 'vines');
insert into terrain (id, name) values (59, 'cities');
insert into terrain (id, name) values (60, 'savannahs');
insert into terrain (id, name) values (61, 'cliffs');
insert into planet (id, name, rotation_period, orbital_period, diameter, gravity, surface_water, population) values (1, 'Alderaan', 24, 364, 12500, '1 standard', 40, 2000000000);
insert into planets_climates (planet_id, climat_id) values (1, 1);
insert into planets_terrains (planet_id, terrain_id) values (1, 1);
insert into planets_terrains (planet_id, terrain_id) values (1, 2);
insert into planet (id, name, rotation_period, orbital_period, diameter, gravity, surface_water, population) values (2, 'Yavin IV', 24, 4818, 10200, '1 standard', 8, 1000);
insert into planets_climates (planet_id, climat_id) values (2, 1);
insert into planets_climates (planet_id, climat_id) values (2, 2);
insert into planets_terrains (planet_id, terrain_id) values (2, 3);
insert into planets_terrains (planet_id, terrain_id) values (2, 4);
insert into planet (id, name, rotation_period, orbital_period, diameter, gravity, surface_water, population) values (3, 'Hoth', 23, 549, 7200, '1.1 standard', 100, null);
insert into planets_climates (planet_id, climat_id) values (3, 3);
insert into planets_terrains (planet_id, terrain_id) values (3, 5);
insert into planets_terrains (planet_id, terrain_id) values (3, 6);
insert into planets_terrains (planet_id, terrain_id) values (3, 7);
insert into planet (id, name, rotation_period, orbital_period, diameter, gravity, surface_water, population) values (4, 'Dagobah', 23, 341, 8900, 'N/A', 8, null);
insert into planets_climates (planet_id, climat_id) values (4, 4);
insert into planets_terrains (planet_id, terrain_id) values (4, 8);
insert into planets_terrains (planet_id, terrain_id) values (4, 9);
insert into planet (id, name, rotation_period, orbital_period, diameter, gravity, surface_water, population) values (5, 'Bespin', 12, 5110, 118000, '1.5 (surface), 1 standard (Cloud City)', 0, 6000000);
insert into planets_climates (planet_id, climat_id) values (5, 1);
insert into planets_terrains (planet_id, terrain_id) values (5, 10);
insert into planet (id, name, rotation_period, orbital_period, diameter, gravity, surface_water, population) values (6, 'Endor', 18, 402, 4900, '0.85 standard', 8, 30000000);
insert into planets_climates (planet_id, climat_id) values (6, 1);
insert into planets_terrains (planet_id, terrain_id) values (6, 11);
insert into planets_terrains (planet_id, terrain_id) values (6, 2);
insert into planets_terrains (planet_id, terrain_id) values (6, 12);
insert into planet (id, name, rotation_period, orbital_period, diameter, gravity, surface_water, population) values (7, 'Naboo', 26, 312, 12120, '1 standard', 12, 4500000000);
insert into planets_climates (planet_id, climat_id) values (7, 1);
insert into planets_terrains (planet_id, terrain_id) values (7, 13);
insert into planets_terrains (planet_id, terrain_id) values (7, 14);
insert into planets_terrains (planet_id, terrain_id) values (7, 11);
insert into planets_terrains (planet_id, terrain_id) values (7, 2);
insert into planet (id, name, rotation_period, orbital_period, diameter, gravity, surface_water, population) values (8, 'Coruscant', 24, 368, 12240, '1 standard', null, 1000000000000);
insert into planets_climates (planet_id, climat_id) values (8, 1);
insert into planets_terrains (planet_id, terrain_id) values (8, 15);
insert into planets_terrains (planet_id, terrain_id) values (8, 2);
insert into planet (id, name, rotation_period, orbital_period, diameter, gravity, surface_water, population) values (9, 'Kamino', 27, 463, 19720, '1 standard', 100, 1000000000);
insert into planets_climates (planet_id, climat_id) values (9, 1);
insert into planets_terrains (planet_id, terrain_id) values (9, 16);
insert into planet (id, name, rotation_period, orbital_period, diameter, gravity, surface_water, population) values (10, 'Geonosis', 30, 256, 11370, '0.9 standard', 5, 100000000000);
insert into planets_climates (planet_id, climat_id) values (10, 1);
insert into planets_climates (planet_id, climat_id) values (10, 5);
insert into planets_terrains (planet_id, terrain_id) values (10, 17);
insert into planets_terrains (planet_id, terrain_id) values (10, 18);
insert into planets_terrains (planet_id, terrain_id) values (10, 19);
insert into planets_terrains (planet_id, terrain_id) values (10, 20);
insert into planet (id, name, rotation_period, orbital_period, diameter, gravity, surface_water, population) values (11, 'Utapau', 27, 351, 12900, '1 standard', 0.9, 95000000);
insert into planets_climates (planet_id, climat_id) values (11, 1);
insert into planets_climates (planet_id, climat_id) values (11, 5);
insert into planets_climates (planet_id, climat_id) values (11, 6);
insert into planets_terrains (planet_id, terrain_id) values (11, 21);
insert into planets_terrains (planet_id, terrain_id) values (11, 22);
insert into planets_terrains (planet_id, terrain_id) values (11, 23);
insert into planets_terrains (planet_id, terrain_id) values (11, 24);
insert into planet (id, name, rotation_period, orbital_period, diameter, gravity, surface_water, population) values (12, 'Mustafar', 36, 412, 4200, '1 standard', 0, 20000);
insert into planets_climates (planet_id, climat_id) values (12, 7);
insert into planets_terrains (planet_id, terrain_id) values (12, 25);
insert into planets_terrains (planet_id, terrain_id) values (12, 26);
insert into planets_terrains (planet_id, terrain_id) values (12, 2);
insert into planets_terrains (planet_id, terrain_id) values (12, 27);
insert into planet (id, name, rotation_period, orbital_period, diameter, gravity, surface_water, population) values (13, 'Kashyyyk', 26, 381, 12765, '1 standard', 60, 45000000);
insert into planets_climates (planet_id, climat_id) values (13, 2);
insert into planets_terrains (planet_id, terrain_id) values (13, 3);
insert into planets_terrains (planet_id, terrain_id) values (13, 11);
insert into planets_terrains (planet_id, terrain_id) values (13, 12);
insert into planets_terrains (planet_id, terrain_id) values (13, 28);
insert into planet (id, name, rotation_period, orbital_period, diameter, gravity, surface_water, population) values (14, 'Polis Massa', 24, 590, 0, '0.56 standard', 0, 1000000);
insert into planets_climates (planet_id, climat_id) values (14, 8);
insert into planets_terrains (planet_id, terrain_id) values (14, 29);
insert into planet (id, name, rotation_period, orbital_period, diameter, gravity, surface_water, population) values (15, 'Mygeeto', 12, 167, 10088, '1 standard', null, 19000000);
insert into planets_climates (planet_id, climat_id) values (15, 9);
insert into planets_terrains (planet_id, terrain_id) values (15, 30);
insert into planets_terrains (planet_id, terrain_id) values (15, 2);
insert into planets_terrains (planet_id, terrain_id) values (15, 31);
insert into planet (id, name, rotation_period, orbital_period, diameter, gravity, surface_water, population) values (16, 'Felucia', 34, 231, 9100, '0.75 standard', null, 8500000);
insert into planets_climates (planet_id, climat_id) values (16, 7);
insert into planets_climates (planet_id, climat_id) values (16, 10);
insert into planets_terrains (planet_id, terrain_id) values (16, 32);
insert into planet (id, name, rotation_period, orbital_period, diameter, gravity, surface_water, population) values (17, 'Cato Neimoidia', 25, 278, 0, '1 standard', null, 10000000);
insert into planets_climates (planet_id, climat_id) values (17, 1);
insert into planets_climates (planet_id, climat_id) values (17, 11);
insert into planets_terrains (planet_id, terrain_id) values (17, 2);
insert into planets_terrains (planet_id, terrain_id) values (17, 33);
insert into planets_terrains (planet_id, terrain_id) values (17, 11);
insert into planets_terrains (planet_id, terrain_id) values (17, 34);
insert into planet (id, name, rotation_period, orbital_period, diameter, gravity, surface_water, population) values (18, 'Saleucami', 26, 392, 14920, 'NA', null, 1400000000);
insert into planets_climates (planet_id, climat_id) values (18, 7);
insert into planets_terrains (planet_id, terrain_id) values (18, 27);
insert into planets_terrains (planet_id, terrain_id) values (18, 18);
insert into planets_terrains (planet_id, terrain_id) values (18, 2);
insert into planets_terrains (planet_id, terrain_id) values (18, 25);
insert into planet (id, name, rotation_period, orbital_period, diameter, gravity, surface_water, population) values (19, 'Stewjon', null, null, 0, '1 standard', null, null);
insert into planets_climates (planet_id, climat_id) values (19, 1);
insert into planets_terrains (planet_id, terrain_id) values (19, 35);
insert into planet (id, name, rotation_period, orbital_period, diameter, gravity, surface_water, population) values (20, 'Eriadu', 24, 360, 13490, '1 standard', null, 22000000000);
insert into planets_climates (planet_id, climat_id) values (20, 12);
insert into planets_terrains (planet_id, terrain_id) values (20, 15);
insert into planet (id, name, rotation_period, orbital_period, diameter, gravity, surface_water, population) values (21, 'Corellia', 25, 329, 11000, '1 standard', 70, 3000000000);
insert into planets_climates (planet_id, climat_id) values (21, 1);
insert into planets_terrains (planet_id, terrain_id) values (21, 36);
insert into planets_terrains (planet_id, terrain_id) values (21, 37);
insert into planets_terrains (planet_id, terrain_id) values (21, 38);
insert into planets_terrains (planet_id, terrain_id) values (21, 11);
insert into planet (id, name, rotation_period, orbital_period, diameter, gravity, surface_water, population) values (22, 'Rodia', 29, 305, 7549, '1 standard', 60, 1300000000);
insert into planets_climates (planet_id, climat_id) values (22, 7);
insert into planets_terrains (planet_id, terrain_id) values (22, 9);
insert into planets_terrains (planet_id, terrain_id) values (22, 39);
insert into planets_terrains (planet_id, terrain_id) values (22, 37);
insert into planets_terrains (planet_id, terrain_id) values (22, 14);
insert into planet (id, name, rotation_period, orbital_period, diameter, gravity, surface_water, population) values (23, 'Nal Hutta', 87, 413, 12150, '1 standard', null, 7000000000);
insert into planets_climates (planet_id, climat_id) values (23, 1);
insert into planets_terrains (planet_id, terrain_id) values (23, 37);
insert into planets_terrains (planet_id, terrain_id) values (23, 39);
insert into planets_terrains (planet_id, terrain_id) values (23, 14);
insert into planets_terrains (planet_id, terrain_id) values (23, 40);
insert into planet (id, name, rotation_period, orbital_period, diameter, gravity, surface_water, population) values (24, 'Dantooine', 25, 378, 9830, '1 standard', null, 1000);
insert into planets_climates (planet_id, climat_id) values (24, 1);
insert into planets_terrains (planet_id, terrain_id) values (24, 39);
insert into planets_terrains (planet_id, terrain_id) values (24, 41);
insert into planets_terrains (planet_id, terrain_id) values (24, 2);
insert into planets_terrains (planet_id, terrain_id) values (24, 1);
insert into planet (id, name, rotation_period, orbital_period, diameter, gravity, surface_water, population) values (25, 'Bestine IV', 26, 680, 6400, 'NA', 98, 62000000);
insert into planets_climates (planet_id, climat_id) values (25, 1);
insert into planets_terrains (planet_id, terrain_id) values (25, 42);
insert into planets_terrains (planet_id, terrain_id) values (25, 39);
insert into planet (id, name, rotation_period, orbital_period, diameter, gravity, surface_water, population) values (26, 'Ord Mantell', 26, 334, 14050, '1 standard', 10, 4000000000);
insert into planets_climates (planet_id, climat_id) values (26, 1);
insert into planets_terrains (planet_id, terrain_id) values (26, 36);
insert into planets_terrains (planet_id, terrain_id) values (26, 43);
insert into planets_terrains (planet_id, terrain_id) values (26, 44);
insert into planet (id, name, rotation_period, orbital_period, diameter, gravity, surface_water, population) values (27, 'NA', 0, 0, 0, 'NA', null, null);
insert into planets_climates (planet_id, climat_id) values (27, 13);
insert into planets_terrains (planet_id, terrain_id) values (27, 45);
insert into planet (id, name, rotation_period, orbital_period, diameter, gravity, surface_water, population) values (28, 'Trandosha', 25, 371, 0, '0.62 standard', null, 42000000);
insert into planets_climates (planet_id, climat_id) values (28, 5);
insert into planets_terrains (planet_id, terrain_id) values (28, 2);
insert into planets_terrains (planet_id, terrain_id) values (28, 43);
insert into planets_terrains (planet_id, terrain_id) values (28, 1);
insert into planets_terrains (planet_id, terrain_id) values (28, 46);
insert into planet (id, name, rotation_period, orbital_period, diameter, gravity, surface_water, population) values (29, 'Socorro', 20, 326, 0, '1 standard', null, 300000000);
insert into planets_climates (planet_id, climat_id) values (29, 5);
insert into planets_terrains (planet_id, terrain_id) values (29, 46);
insert into planets_terrains (planet_id, terrain_id) values (29, 2);
insert into planet (id, name, rotation_period, orbital_period, diameter, gravity, surface_water, population) values (30, 'Mon Cala', 21, 398, 11030, '1', 100, 27000000000);
insert into planets_climates (planet_id, climat_id) values (30, 1);
insert into planets_terrains (planet_id, terrain_id) values (30, 39);
insert into planets_terrains (planet_id, terrain_id) values (30, 47);
insert into planets_terrains (planet_id, terrain_id) values (30, 48);
insert into planet (id, name, rotation_period, orbital_period, diameter, gravity, surface_water, population) values (31, 'Chandrila', 20, 368, 13500, '1', 40, 1200000000);
insert into planets_climates (planet_id, climat_id) values (31, 1);
insert into planets_terrains (planet_id, terrain_id) values (31, 36);
insert into planets_terrains (planet_id, terrain_id) values (31, 11);
insert into planet (id, name, rotation_period, orbital_period, diameter, gravity, surface_water, population) values (32, 'Sullust', 20, 263, 12780, '1', 5, 18500000000);
insert into planets_climates (planet_id, climat_id) values (32, 14);
insert into planets_terrains (planet_id, terrain_id) values (32, 2);
insert into planets_terrains (planet_id, terrain_id) values (32, 25);
insert into planets_terrains (planet_id, terrain_id) values (32, 49);
insert into planet (id, name, rotation_period, orbital_period, diameter, gravity, surface_water, population) values (33, 'Toydaria', 21, 184, 7900, '1', null, 11000000);
insert into planets_climates (planet_id, climat_id) values (33, 1);
insert into planets_terrains (planet_id, terrain_id) values (33, 14);
insert into planets_terrains (planet_id, terrain_id) values (33, 12);
insert into planet (id, name, rotation_period, orbital_period, diameter, gravity, surface_water, population) values (34, 'Malastare', 26, 201, 18880, '1.56', null, 2000000000);
insert into planets_climates (planet_id, climat_id) values (34, 5);
insert into planets_climates (planet_id, climat_id) values (34, 1);
insert into planets_climates (planet_id, climat_id) values (34, 2);
insert into planets_terrains (planet_id, terrain_id) values (34, 14);
insert into planets_terrains (planet_id, terrain_id) values (34, 46);
insert into planets_terrains (planet_id, terrain_id) values (34, 9);
insert into planets_terrains (planet_id, terrain_id) values (34, 2);
insert into planet (id, name, rotation_period, orbital_period, diameter, gravity, surface_water, population) values (35, 'Dathomir', 24, 491, 10480, '0.9', null, 5200);
insert into planets_climates (planet_id, climat_id) values (35, 1);
insert into planets_terrains (planet_id, terrain_id) values (35, 11);
insert into planets_terrains (planet_id, terrain_id) values (35, 46);
insert into planets_terrains (planet_id, terrain_id) values (35, 41);
insert into planet (id, name, rotation_period, orbital_period, diameter, gravity, surface_water, population) values (36, 'Ryloth', 30, 305, 10600, '1', 5, 1500000000);
insert into planets_climates (planet_id, climat_id) values (36, 1);
insert into planets_climates (planet_id, climat_id) values (36, 5);
insert into planets_climates (planet_id, climat_id) values (36, 15);
insert into planets_terrains (planet_id, terrain_id) values (36, 2);
insert into planets_terrains (planet_id, terrain_id) values (36, 50);
insert into planets_terrains (planet_id, terrain_id) values (36, 46);
insert into planets_terrains (planet_id, terrain_id) values (36, 5);
insert into planet (id, name, rotation_period, orbital_period, diameter, gravity, surface_water, population) values (37, 'Aleen Minor', null, null, null, 'NA', null, null);
insert into planets_climates (planet_id, climat_id) values (37, 13);
insert into planets_terrains (planet_id, terrain_id) values (37, 45);
insert into planet (id, name, rotation_period, orbital_period, diameter, gravity, surface_water, population) values (38, 'Vulpter', 22, 391, 14900, '1', null, 421000000);
insert into planets_climates (planet_id, climat_id) values (38, 1);
insert into planets_climates (planet_id, climat_id) values (38, 16);
insert into planets_terrains (planet_id, terrain_id) values (38, 37);
insert into planets_terrains (planet_id, terrain_id) values (38, 20);
insert into planet (id, name, rotation_period, orbital_period, diameter, gravity, surface_water, population) values (39, 'Troiken', null, null, null, 'NA', null, null);
insert into planets_climates (planet_id, climat_id) values (39, 13);
insert into planets_terrains (planet_id, terrain_id) values (39, 18);
insert into planets_terrains (planet_id, terrain_id) values (39, 5);
insert into planets_terrains (planet_id, terrain_id) values (39, 4);
insert into planets_terrains (planet_id, terrain_id) values (39, 2);
insert into planet (id, name, rotation_period, orbital_period, diameter, gravity, surface_water, population) values (40, 'Tund', 48, 1770, 12190, 'NA', null, 0);
insert into planets_climates (planet_id, climat_id) values (40, 13);
insert into planets_terrains (planet_id, terrain_id) values (40, 20);
insert into planets_terrains (planet_id, terrain_id) values (40, 51);
insert into planet (id, name, rotation_period, orbital_period, diameter, gravity, surface_water, population) values (41, 'Haruun Kal', 25, 383, 10120, '0.98', null, 705300);
insert into planets_climates (planet_id, climat_id) values (41, 1);
insert into planets_terrains (planet_id, terrain_id) values (41, 52);
insert into planets_terrains (planet_id, terrain_id) values (41, 53);
insert into planets_terrains (planet_id, terrain_id) values (41, 25);
insert into planet (id, name, rotation_period, orbital_period, diameter, gravity, surface_water, population) values (42, 'Cerea', 27, 386, null, '1', 20, 450000000);
insert into planets_climates (planet_id, climat_id) values (42, 1);
insert into planets_terrains (planet_id, terrain_id) values (42, 54);
insert into planet (id, name, rotation_period, orbital_period, diameter, gravity, surface_water, population) values (43, 'Glee Anselm', 33, 206, 15600, '1', 80, 500000000);
insert into planets_climates (planet_id, climat_id) values (43, 2);
insert into planets_climates (planet_id, climat_id) values (43, 1);
insert into planets_terrains (planet_id, terrain_id) values (43, 12);
insert into planets_terrains (planet_id, terrain_id) values (43, 48);
insert into planets_terrains (planet_id, terrain_id) values (43, 14);
insert into planets_terrains (planet_id, terrain_id) values (43, 43);
insert into planet (id, name, rotation_period, orbital_period, diameter, gravity, surface_water, population) values (44, 'Iridonia', 29, 413, null, 'NA', null, null);
insert into planets_climates (planet_id, climat_id) values (44, 13);
insert into planets_terrains (planet_id, terrain_id) values (44, 55);
insert into planets_terrains (planet_id, terrain_id) values (44, 56);
insert into planet (id, name, rotation_period, orbital_period, diameter, gravity, surface_water, population) values (45, 'Tholoth', null, null, null, 'NA', null, null);
insert into planets_climates (planet_id, climat_id) values (45, 13);
insert into planets_terrains (planet_id, terrain_id) values (45, 45);
insert into planet (id, name, rotation_period, orbital_period, diameter, gravity, surface_water, population) values (46, 'Iktotch', 22, 481, null, '1', null, null);
insert into planets_climates (planet_id, climat_id) values (46, 5);
insert into planets_climates (planet_id, climat_id) values (46, 17);
insert into planets_climates (planet_id, climat_id) values (46, 6);
insert into planets_terrains (planet_id, terrain_id) values (46, 57);
insert into planet (id, name, rotation_period, orbital_period, diameter, gravity, surface_water, population) values (47, 'Quermia', null, null, null, 'NA', null, null);
insert into planets_climates (planet_id, climat_id) values (47, 13);
insert into planets_terrains (planet_id, terrain_id) values (47, 45);
insert into planet (id, name, rotation_period, orbital_period, diameter, gravity, surface_water, population) values (48, 'Dorin', 22, 409, 13400, '1', null, null);
insert into planets_climates (planet_id, climat_id) values (48, 1);
insert into planets_terrains (planet_id, terrain_id) values (48, 45);
insert into planet (id, name, rotation_period, orbital_period, diameter, gravity, surface_water, population) values (49, 'Champala', 27, 318, null, '1', null, 3500000000);
insert into planets_climates (planet_id, climat_id) values (49, 1);
insert into planets_terrains (planet_id, terrain_id) values (49, 39);
insert into planets_terrains (planet_id, terrain_id) values (49, 4);
insert into planets_terrains (planet_id, terrain_id) values (49, 53);
insert into planet (id, name, rotation_period, orbital_period, diameter, gravity, surface_water, population) values (50, 'Mirial', null, null, null, 'NA', null, null);
insert into planets_climates (planet_id, climat_id) values (50, 13);
insert into planets_terrains (planet_id, terrain_id) values (50, 46);
insert into planet (id, name, rotation_period, orbital_period, diameter, gravity, surface_water, population) values (51, 'Serenno', null, null, null, 'NA', null, null);
insert into planets_climates (planet_id, climat_id) values (51, 13);
insert into planets_terrains (planet_id, terrain_id) values (51, 4);
insert into planets_terrains (planet_id, terrain_id) values (51, 28);
insert into planets_terrains (planet_id, terrain_id) values (51, 2);
insert into planet (id, name, rotation_period, orbital_period, diameter, gravity, surface_water, population) values (52, 'Concord Dawn', null, null, null, 'NA', null, null);
insert into planets_climates (planet_id, climat_id) values (52, 13);
insert into planets_terrains (planet_id, terrain_id) values (52, 9);
insert into planets_terrains (planet_id, terrain_id) values (52, 11);
insert into planets_terrains (planet_id, terrain_id) values (52, 46);
insert into planet (id, name, rotation_period, orbital_period, diameter, gravity, surface_water, population) values (53, 'Zolan', null, null, null, 'NA', null, null);
insert into planets_climates (planet_id, climat_id) values (53, 13);
insert into planets_terrains (planet_id, terrain_id) values (53, 45);
insert into planet (id, name, rotation_period, orbital_period, diameter, gravity, surface_water, population) values (54, 'Ojom', null, null, null, 'NA', 100, 500000000);
insert into planets_climates (planet_id, climat_id) values (54, 9);
insert into planets_terrains (planet_id, terrain_id) values (54, 39);
insert into planets_terrains (planet_id, terrain_id) values (54, 30);
insert into planet (id, name, rotation_period, orbital_period, diameter, gravity, surface_water, population) values (55, 'Skako', 27, 384, null, '1', null, 500000000000);
insert into planets_climates (planet_id, climat_id) values (55, 1);
insert into planets_terrains (planet_id, terrain_id) values (55, 37);
insert into planets_terrains (planet_id, terrain_id) values (55, 58);
insert into planet (id, name, rotation_period, orbital_period, diameter, gravity, surface_water, population) values (56, 'Muunilinst', 28, 412, 13800, '1', 25, 5000000000);
insert into planets_climates (planet_id, climat_id) values (56, 1);
insert into planets_terrains (planet_id, terrain_id) values (56, 36);
insert into planets_terrains (planet_id, terrain_id) values (56, 11);
insert into planets_terrains (planet_id, terrain_id) values (56, 38);
insert into planets_terrains (planet_id, terrain_id) values (56, 2);
insert into planet (id, name, rotation_period, orbital_period, diameter, gravity, surface_water, population) values (57, 'Shili', null, null, null, '1', null, null);
insert into planets_climates (planet_id, climat_id) values (57, 1);
insert into planets_terrains (planet_id, terrain_id) values (57, 59);
insert into planets_terrains (planet_id, terrain_id) values (57, 60);
insert into planets_terrains (planet_id, terrain_id) values (57, 43);
insert into planets_terrains (planet_id, terrain_id) values (57, 36);
insert into planet (id, name, rotation_period, orbital_period, diameter, gravity, surface_water, population) values (58, 'Kalee', 23, 378, 13850, '1', null, 4000000000);
insert into planets_climates (planet_id, climat_id) values (58, 5);
insert into planets_climates (planet_id, climat_id) values (58, 1);
insert into planets_climates (planet_id, climat_id) values (58, 2);
insert into planets_terrains (planet_id, terrain_id) values (58, 4);
insert into planets_terrains (planet_id, terrain_id) values (58, 61);
insert into planets_terrains (planet_id, terrain_id) values (58, 23);
insert into planets_terrains (planet_id, terrain_id) values (58, 43);
insert into planet (id, name, rotation_period, orbital_period, diameter, gravity, surface_water, population) values (59, 'Umbara', null, null, null, 'NA', null, null);
insert into planets_climates (planet_id, climat_id) values (59, 13);
insert into planets_terrains (planet_id, terrain_id) values (59, 45);
insert into planet (id, name, rotation_period, orbital_period, diameter, gravity, surface_water, population) values (60, 'Tatooine', 23, 304, 10465, '1 standard', 1, 200000);
insert into planets_climates (planet_id, climat_id) values (60, 5);
insert into planets_terrains (planet_id, terrain_id) values (60, 18);
insert into planet (id, name, rotation_period, orbital_period, diameter, gravity, surface_water, population) values (61, 'Jakku', null, null, null, 'NA', null, null);
insert into planets_climates (planet_id, climat_id) values (61, 13);
insert into planets_terrains (planet_id, terrain_id) values (61, 46);
insert into color (id, name) values (1, 'blond');
insert into color (id, name) values (2, 'fair');
insert into color (id, name) values (3, 'blue');
insert into color (id, name) values (4, 'NA');
insert into color (id, name) values (5, 'gold');
insert into color (id, name) values (6, 'yellow');
insert into color (id, name) values (7, 'white');
insert into color (id, name) values (8, 'red');
insert into color (id, name) values (9, 'none');
insert into color (id, name) values (10, 'brown');
insert into color (id, name) values (11, 'light');
insert into color (id, name) values (12, 'grey');
insert into color (id, name) values (13, 'black');
insert into color (id, name) values (14, 'auburn');
insert into color (id, name) values (15, 'blue-gray');
insert into color (id, name) values (16, 'green');
insert into color (id, name) values (17, 'green-tan');
insert into color (id, name) values (18, 'orange');
insert into color (id, name) values (19, 'hazel');
insert into color (id, name) values (20, 'pale');
insert into color (id, name) values (21, 'metal');
insert into color (id, name) values (22, 'dark');
insert into color (id, name) values (23, 'brown mottle');
insert into color (id, name) values (24, 'mottled green');
insert into color (id, name) values (25, 'pink');
insert into color (id, name) values (26, 'tan');
insert into color (id, name) values (27, 'blonde');
insert into color (id, name) values (28, 'silver');
insert into homeworld (id, name) values (1, 'Tatooine');
insert into homeworld (id, name) values (2, 'Naboo');
insert into homeworld (id, name) values (3, 'Alderaan');
insert into homeworld (id, name) values (4, 'Stewjon');
insert into homeworld (id, name) values (5, 'Eriadu');
insert into homeworld (id, name) values (6, 'Kashyyyk');
insert into homeworld (id, name) values (7, 'Corellia');
insert into homeworld (id, name) values (8, 'Rodia');
insert into homeworld (id, name) values (9, 'Nal Hutta');
insert into homeworld (id, name) values (10, 'Bestine IV');
insert into homeworld (id, name) values (11, 'NA');
insert into homeworld (id, name) values (12, 'Kamino');
insert into homeworld (id, name) values (13, 'Trandosha');
insert into homeworld (id, name) values (14, 'Socorro');
insert into homeworld (id, name) values (15, 'Bespin');
insert into homeworld (id, name) values (16, 'Mon Cala');
insert into homeworld (id, name) values (17, 'Chandrila');
insert into homeworld (id, name) values (18, 'Endor');
insert into homeworld (id, name) values (19, 'Sullust');
insert into homeworld (id, name) values (20, 'Cato Neimoidia');
insert into homeworld (id, name) values (21, 'Coruscant');
insert into homeworld (id, name) values (22, 'Toydaria');
insert into homeworld (id, name) values (23, 'Malastare');
insert into homeworld (id, name) values (24, 'Dathomir');
insert into homeworld (id, name) values (25, 'Ryloth');
insert into homeworld (id, name) values (26, 'Vulpter');
insert into homeworld (id, name) values (27, 'Troiken');
insert into homeworld (id, name) values (28, 'Tund');
insert into homeworld (id, name) values (29, 'Haruun Kal');
insert into homeworld (id, name) values (30, 'Cerea');
insert into homeworld (id, name) values (31, 'Glee Anselm');
insert into homeworld (id, name) values (32, 'Iridonia');
insert into homeworld (id, name) values (33, 'Iktotch');
insert into homeworld (id, name) values (34, 'Quermia');
insert into homeworld (id, name) values (35, 'Dorin');
insert into homeworld (id, name) values (36, 'Champala');
insert into homeworld (id, name) values (37, 'Geonosis');
insert into homeworld (id, name) values (38, 'Mirial');
insert into homeworld (id, name) values (39, 'Serenno');
insert into homeworld (id, name) values (40, 'Concord Dawn');
insert into homeworld (id, name) values (41, 'Zolan');
insert into homeworld (id, name) values (42, 'Ojom');
insert into homeworld (id, name) values (43, 'Aleen Minor');
insert into homeworld (id, name) values (44, 'Skako');
insert into homeworld (id, name) values (45, 'Muunilinst');
insert into homeworld (id, name) values (46, 'Shili');
insert into homeworld (id, name) values (47, 'Kalee');
insert into homeworld (id, name) values (48, 'Umbara');
insert into homeworld (id, name) values (49, 'Utapau');
insert into character_species (id, name) values (1, 'Human');
insert into character_species (id, name) values (2, 'Droid');
insert into character_species (id, name) values (3, 'Wookiee');
insert into character_species (id, name) values (4, 'Rodian');
insert into character_species (id, name) values (5, 'Hutt');
insert into character_species (id, name) values (6, 'Yoda_s species');
insert into character_species (id, name) values (7, 'Trandoshan');
insert into character_species (id, name) values (8, 'Mon Calamari');
insert into character_species (id, name) values (9, 'Ewok');
insert into character_species (id, name) values (10, 'Sullustan');
insert into character_species (id, name) values (11, 'Neimodian');
insert into character_species (id, name) values (12, 'Gungan');
insert into character_species (id, name) values (13, 'NA');
insert into character_species (id, name) values (14, 'Toydarian');
insert into character_species (id, name) values (15, 'Dug');
insert into character_species (id, name) values (16, 'Zabrak');
insert into character_species (id, name) values (17, 'Twi_lek');
insert into character_species (id, name) values (18, 'Vulptereen');
insert into character_species (id, name) values (19, 'Xexto');
insert into character_species (id, name) values (20, 'Toong');
insert into character_species (id, name) values (21, 'Cerean');
insert into character_species (id, name) values (22, 'Nautolan');
insert into character_species (id, name) values (23, 'Tholothian');
insert into character_species (id, name) values (24, 'Iktotchi');
insert into character_species (id, name) values (25, 'Quermian');
insert into character_species (id, name) values (26, 'Kel Dor');
insert into character_species (id, name) values (27, 'Chagrian');
insert into character_species (id, name) values (28, 'Geonosian');
insert into character_species (id, name) values (29, 'Mirialan');
insert into character_species (id, name) values (30, 'Clawdite');
insert into character_species (id, name) values (31, 'Besalisk');
insert into character_species (id, name) values (32, 'Kaminoan');
insert into character_species (id, name) values (33, 'Aleena');
insert into character_species (id, name) values (34, 'Skakoan');
insert into character_species (id, name) values (35, 'Muun');
insert into character_species (id, name) values (36, 'Togruta');
insert into character_species (id, name) values (37, 'Kaleesh');
insert into character_species (id, name) values (38, 'Pau_an');
insert into character (id, name, height, mass, birth_year, gender, homeworld_id, character_specie_id) values (1, 'Luke Skywalker', 172, 77, '19BBY', 'male', 1, 1);
insert into character_types_colors (character_id, type, color_id) values (1, 'hair', 1);
insert into character_types_colors (character_id, type, color_id) values (1, 'skin', 2);
insert into character_types_colors (character_id, type, color_id) values (1, 'eye', 3);
insert into character (id, name, height, mass, birth_year, gender, homeworld_id, character_specie_id) values (2, 'C-3PO', 167, 75, '112BBY', 'NA', 1, 2);
insert into character_types_colors (character_id, type, color_id) values (2, 'hair', 4);
insert into character_types_colors (character_id, type, color_id) values (2, 'skin', 5);
insert into character_types_colors (character_id, type, color_id) values (2, 'eye', 6);
insert into character (id, name, height, mass, birth_year, gender, homeworld_id, character_specie_id) values (3, 'R2-D2', 96, 32, '33BBY', 'NA', 2, 2);
insert into character_types_colors (character_id, type, color_id) values (3, 'hair', 4);
insert into character_types_colors (character_id, type, color_id) values (3, 'skin', 7);
insert into character_types_colors (character_id, type, color_id) values (3, 'skin', 3);
insert into character_types_colors (character_id, type, color_id) values (3, 'eye', 8);
insert into character (id, name, height, mass, birth_year, gender, homeworld_id, character_specie_id) values (4, 'Darth Vader', 202, 136, '41.9BBY', 'male', 1, 1);
insert into character_types_colors (character_id, type, color_id) values (4, 'hair', 9);
insert into character_types_colors (character_id, type, color_id) values (4, 'skin', 7);
insert into character_types_colors (character_id, type, color_id) values (4, 'eye', 6);
insert into character (id, name, height, mass, birth_year, gender, homeworld_id, character_specie_id) values (5, 'Leia Organa', 150, 49, '19BBY', 'female', 3, 1);
insert into character_types_colors (character_id, type, color_id) values (5, 'hair', 10);
insert into character_types_colors (character_id, type, color_id) values (5, 'skin', 11);
insert into character_types_colors (character_id, type, color_id) values (5, 'eye', 10);
insert into character (id, name, height, mass, birth_year, gender, homeworld_id, character_specie_id) values (6, 'Owen Lars', 178, 120, '52BBY', 'male', 1, 1);
insert into character_types_colors (character_id, type, color_id) values (6, 'hair', 10);
insert into character_types_colors (character_id, type, color_id) values (6, 'hair', 12);
insert into character_types_colors (character_id, type, color_id) values (6, 'skin', 11);
insert into character_types_colors (character_id, type, color_id) values (6, 'eye', 3);
insert into character (id, name, height, mass, birth_year, gender, homeworld_id, character_specie_id) values (7, 'Beru Whitesun lars', 165, 75, '47BBY', 'female', 1, 1);
insert into character_types_colors (character_id, type, color_id) values (7, 'hair', 10);
insert into character_types_colors (character_id, type, color_id) values (7, 'skin', 11);
insert into character_types_colors (character_id, type, color_id) values (7, 'eye', 3);
insert into character (id, name, height, mass, birth_year, gender, homeworld_id, character_specie_id) values (8, 'R5-D4', 97, 32, 'NA', 'NA', 1, 2);
insert into character_types_colors (character_id, type, color_id) values (8, 'hair', 4);
insert into character_types_colors (character_id, type, color_id) values (8, 'skin', 7);
insert into character_types_colors (character_id, type, color_id) values (8, 'skin', 8);
insert into character_types_colors (character_id, type, color_id) values (8, 'eye', 8);
insert into character (id, name, height, mass, birth_year, gender, homeworld_id, character_specie_id) values (9, 'Biggs Darklighter', 183, 84, '24BBY', 'male', 1, 1);
insert into character_types_colors (character_id, type, color_id) values (9, 'hair', 13);
insert into character_types_colors (character_id, type, color_id) values (9, 'skin', 11);
insert into character_types_colors (character_id, type, color_id) values (9, 'eye', 10);
insert into character (id, name, height, mass, birth_year, gender, homeworld_id, character_specie_id) values (10, 'Obi-Wan Kenobi', 182, 77, '57BBY', 'male', 4, 1);
insert into character_types_colors (character_id, type, color_id) values (10, 'hair', 14);
insert into character_types_colors (character_id, type, color_id) values (10, 'hair', 7);
insert into character_types_colors (character_id, type, color_id) values (10, 'skin', 2);
insert into character_types_colors (character_id, type, color_id) values (10, 'eye', 15);
insert into character (id, name, height, mass, birth_year, gender, homeworld_id, character_specie_id) values (11, 'Anakin Skywalker', 188, 84, '41.9BBY', 'male', 1, 1);
insert into character_types_colors (character_id, type, color_id) values (11, 'hair', 1);
insert into character_types_colors (character_id, type, color_id) values (11, 'skin', 2);
insert into character_types_colors (character_id, type, color_id) values (11, 'eye', 3);
insert into character (id, name, height, mass, birth_year, gender, homeworld_id, character_specie_id) values (12, 'Wilhuff Tarkin', 180, null, '64BBY', 'male', 5, 1);
insert into character_types_colors (character_id, type, color_id) values (12, 'hair', 14);
insert into character_types_colors (character_id, type, color_id) values (12, 'hair', 12);
insert into character_types_colors (character_id, type, color_id) values (12, 'skin', 2);
insert into character_types_colors (character_id, type, color_id) values (12, 'eye', 3);
insert into character (id, name, height, mass, birth_year, gender, homeworld_id, character_specie_id) values (13, 'Chewbacca', 228, 112, '200BBY', 'male', 6, 3);
insert into character_types_colors (character_id, type, color_id) values (13, 'hair', 10);
insert into character_types_colors (character_id, type, color_id) values (13, 'skin', 4);
insert into character_types_colors (character_id, type, color_id) values (13, 'eye', 3);
insert into character (id, name, height, mass, birth_year, gender, homeworld_id, character_specie_id) values (14, 'Han Solo', 180, 80, '29BBY', 'male', 7, 1);
insert into character_types_colors (character_id, type, color_id) values (14, 'hair', 10);
insert into character_types_colors (character_id, type, color_id) values (14, 'skin', 2);
insert into character_types_colors (character_id, type, color_id) values (14, 'eye', 10);
insert into character (id, name, height, mass, birth_year, gender, homeworld_id, character_specie_id) values (15, 'Greedo', 173, 74, '44BBY', 'male', 8, 4);
insert into character_types_colors (character_id, type, color_id) values (15, 'hair', 4);
insert into character_types_colors (character_id, type, color_id) values (15, 'skin', 16);
insert into character_types_colors (character_id, type, color_id) values (15, 'eye', 13);
insert into character (id, name, height, mass, birth_year, gender, homeworld_id, character_specie_id) values (16, 'Jabba Desilijic Tiure', 175, 1.358, '600BBY', 'hermaphrodite', 9, 5);
insert into character_types_colors (character_id, type, color_id) values (16, 'hair', 4);
insert into character_types_colors (character_id, type, color_id) values (16, 'skin', 17);
insert into character_types_colors (character_id, type, color_id) values (16, 'skin', 10);
insert into character_types_colors (character_id, type, color_id) values (16, 'eye', 18);
insert into character (id, name, height, mass, birth_year, gender, homeworld_id, character_specie_id) values (17, 'Wedge Antilles', 170, 77, '21BBY', 'male', 7, 1);
insert into character_types_colors (character_id, type, color_id) values (17, 'hair', 10);
insert into character_types_colors (character_id, type, color_id) values (17, 'skin', 2);
insert into character_types_colors (character_id, type, color_id) values (17, 'eye', 19);
insert into character (id, name, height, mass, birth_year, gender, homeworld_id, character_specie_id) values (18, 'Jek Tono Porkins', 180, 110, 'NA', 'male', 10, 1);
insert into character_types_colors (character_id, type, color_id) values (18, 'hair', 10);
insert into character_types_colors (character_id, type, color_id) values (18, 'skin', 2);
insert into character_types_colors (character_id, type, color_id) values (18, 'eye', 3);
insert into character (id, name, height, mass, birth_year, gender, homeworld_id, character_specie_id) values (19, 'Yoda', 66, 17, '896BBY', 'male', 11, 6);
insert into character_types_colors (character_id, type, color_id) values (19, 'hair', 7);
insert into character_types_colors (character_id, type, color_id) values (19, 'skin', 16);
insert into character_types_colors (character_id, type, color_id) values (19, 'eye', 10);
insert into character (id, name, height, mass, birth_year, gender, homeworld_id, character_specie_id) values (20, 'Palpatine', 170, 75, '82BBY', 'male', 2, 1);
insert into character_types_colors (character_id, type, color_id) values (20, 'hair', 12);
insert into character_types_colors (character_id, type, color_id) values (20, 'skin', 20);
insert into character_types_colors (character_id, type, color_id) values (20, 'eye', 6);
insert into character (id, name, height, mass, birth_year, gender, homeworld_id, character_specie_id) values (21, 'Boba Fett', 183, 78.2, '31.5BBY', 'male', 12, 1);
insert into character_types_colors (character_id, type, color_id) values (21, 'hair', 13);
insert into character_types_colors (character_id, type, color_id) values (21, 'skin', 2);
insert into character_types_colors (character_id, type, color_id) values (21, 'eye', 10);
insert into character (id, name, height, mass, birth_year, gender, homeworld_id, character_specie_id) values (22, 'IG-88', 200, 140, '15BBY', 'none', 11, 2);
insert into character_types_colors (character_id, type, color_id) values (22, 'hair', 9);
insert into character_types_colors (character_id, type, color_id) values (22, 'skin', 21);
insert into character_types_colors (character_id, type, color_id) values (22, 'eye', 8);
insert into character (id, name, height, mass, birth_year, gender, homeworld_id, character_specie_id) values (23, 'Bossk', 190, 113, '53BBY', 'male', 13, 7);
insert into character_types_colors (character_id, type, color_id) values (23, 'hair', 9);
insert into character_types_colors (character_id, type, color_id) values (23, 'skin', 16);
insert into character_types_colors (character_id, type, color_id) values (23, 'eye', 8);
insert into character (id, name, height, mass, birth_year, gender, homeworld_id, character_specie_id) values (24, 'Lando Calrissian', 177, 79, '31BBY', 'male', 14, 1);
insert into character_types_colors (character_id, type, color_id) values (24, 'hair', 13);
insert into character_types_colors (character_id, type, color_id) values (24, 'skin', 22);
insert into character_types_colors (character_id, type, color_id) values (24, 'eye', 10);
insert into character (id, name, height, mass, birth_year, gender, homeworld_id, character_specie_id) values (25, 'Lobot', 175, 79, '37BBY', 'male', 15, 1);
insert into character_types_colors (character_id, type, color_id) values (25, 'hair', 9);
insert into character_types_colors (character_id, type, color_id) values (25, 'skin', 11);
insert into character_types_colors (character_id, type, color_id) values (25, 'eye', 3);
insert into character (id, name, height, mass, birth_year, gender, homeworld_id, character_specie_id) values (26, 'Ackbar', 180, 83, '41BBY', 'male', 16, 8);
insert into character_types_colors (character_id, type, color_id) values (26, 'hair', 9);
insert into character_types_colors (character_id, type, color_id) values (26, 'skin', 23);
insert into character_types_colors (character_id, type, color_id) values (26, 'eye', 18);
insert into character (id, name, height, mass, birth_year, gender, homeworld_id, character_specie_id) values (27, 'Mon Mothma', 150, null, '48BBY', 'female', 17, 1);
insert into character_types_colors (character_id, type, color_id) values (27, 'hair', 14);
insert into character_types_colors (character_id, type, color_id) values (27, 'skin', 2);
insert into character_types_colors (character_id, type, color_id) values (27, 'eye', 3);
insert into character (id, name, height, mass, birth_year, gender, homeworld_id, character_specie_id) values (28, 'Arvel Crynyd', null, null, 'NA', 'male', 11, 1);
insert into character_types_colors (character_id, type, color_id) values (28, 'hair', 10);
insert into character_types_colors (character_id, type, color_id) values (28, 'skin', 2);
insert into character_types_colors (character_id, type, color_id) values (28, 'eye', 10);
insert into character (id, name, height, mass, birth_year, gender, homeworld_id, character_specie_id) values (29, 'Wicket Systri Warrick', 88, 20, '8BBY', 'male', 18, 9);
insert into character_types_colors (character_id, type, color_id) values (29, 'hair', 10);
insert into character_types_colors (character_id, type, color_id) values (29, 'skin', 10);
insert into character_types_colors (character_id, type, color_id) values (29, 'eye', 10);
insert into character (id, name, height, mass, birth_year, gender, homeworld_id, character_specie_id) values (30, 'Nien Nunb', 160, 68, 'NA', 'male', 19, 10);
insert into character_types_colors (character_id, type, color_id) values (30, 'hair', 9);
insert into character_types_colors (character_id, type, color_id) values (30, 'skin', 12);
insert into character_types_colors (character_id, type, color_id) values (30, 'eye', 13);
insert into character (id, name, height, mass, birth_year, gender, homeworld_id, character_specie_id) values (31, 'Qui-Gon Jinn', 193, 89, '92BBY', 'male', 11, 1);
insert into character_types_colors (character_id, type, color_id) values (31, 'hair', 10);
insert into character_types_colors (character_id, type, color_id) values (31, 'skin', 2);
insert into character_types_colors (character_id, type, color_id) values (31, 'eye', 3);
insert into character (id, name, height, mass, birth_year, gender, homeworld_id, character_specie_id) values (32, 'Nute Gunray', 191, 90, 'NA', 'male', 20, 11);
insert into character_types_colors (character_id, type, color_id) values (32, 'hair', 9);
insert into character_types_colors (character_id, type, color_id) values (32, 'skin', 24);
insert into character_types_colors (character_id, type, color_id) values (32, 'eye', 8);
insert into character (id, name, height, mass, birth_year, gender, homeworld_id, character_specie_id) values (33, 'Finis Valorum', 170, null, '91BBY', 'male', 21, 1);
insert into character_types_colors (character_id, type, color_id) values (33, 'hair', 1);
insert into character_types_colors (character_id, type, color_id) values (33, 'skin', 2);
insert into character_types_colors (character_id, type, color_id) values (33, 'eye', 3);
insert into character (id, name, height, mass, birth_year, gender, homeworld_id, character_specie_id) values (34, 'Jar Jar Binks', 196, 66, '52BBY', 'male', 2, 12);
insert into character_types_colors (character_id, type, color_id) values (34, 'hair', 9);
insert into character_types_colors (character_id, type, color_id) values (34, 'skin', 18);
insert into character_types_colors (character_id, type, color_id) values (34, 'eye', 18);
insert into character (id, name, height, mass, birth_year, gender, homeworld_id, character_specie_id) values (35, 'Roos Tarpals', 224, 82, 'NA', 'male', 2, 12);
insert into character_types_colors (character_id, type, color_id) values (35, 'hair', 9);
insert into character_types_colors (character_id, type, color_id) values (35, 'skin', 12);
insert into character_types_colors (character_id, type, color_id) values (35, 'eye', 18);
insert into character (id, name, height, mass, birth_year, gender, homeworld_id, character_specie_id) values (36, 'Rugor Nass', 206, null, 'NA', 'male', 2, 12);
insert into character_types_colors (character_id, type, color_id) values (36, 'hair', 9);
insert into character_types_colors (character_id, type, color_id) values (36, 'skin', 16);
insert into character_types_colors (character_id, type, color_id) values (36, 'eye', 18);
insert into character (id, name, height, mass, birth_year, gender, homeworld_id, character_specie_id) values (37, 'Ric Oli', 183, null, 'NA', 'male', 2, 13);
insert into character_types_colors (character_id, type, color_id) values (37, 'hair', 10);
insert into character_types_colors (character_id, type, color_id) values (37, 'skin', 2);
insert into character_types_colors (character_id, type, color_id) values (37, 'eye', 3);
insert into character (id, name, height, mass, birth_year, gender, homeworld_id, character_specie_id) values (38, 'Watto', 137, null, 'NA', 'male', 22, 14);
insert into character_types_colors (character_id, type, color_id) values (38, 'hair', 13);
insert into character_types_colors (character_id, type, color_id) values (38, 'skin', 3);
insert into character_types_colors (character_id, type, color_id) values (38, 'skin', 12);
insert into character_types_colors (character_id, type, color_id) values (38, 'eye', 6);
insert into character (id, name, height, mass, birth_year, gender, homeworld_id, character_specie_id) values (39, 'Sebulba', 112, 40, 'NA', 'male', 23, 15);
insert into character_types_colors (character_id, type, color_id) values (39, 'hair', 9);
insert into character_types_colors (character_id, type, color_id) values (39, 'skin', 12);
insert into character_types_colors (character_id, type, color_id) values (39, 'skin', 8);
insert into character_types_colors (character_id, type, color_id) values (39, 'eye', 18);
insert into character (id, name, height, mass, birth_year, gender, homeworld_id, character_specie_id) values (40, 'Quarsh Panaka', 183, null, '62BBY', 'male', 2, 13);
insert into character_types_colors (character_id, type, color_id) values (40, 'hair', 13);
insert into character_types_colors (character_id, type, color_id) values (40, 'skin', 22);
insert into character_types_colors (character_id, type, color_id) values (40, 'eye', 10);
insert into character (id, name, height, mass, birth_year, gender, homeworld_id, character_specie_id) values (41, 'Shmi Skywalker', 163, null, '72BBY', 'female', 1, 1);
insert into character_types_colors (character_id, type, color_id) values (41, 'hair', 13);
insert into character_types_colors (character_id, type, color_id) values (41, 'skin', 2);
insert into character_types_colors (character_id, type, color_id) values (41, 'eye', 10);
insert into character (id, name, height, mass, birth_year, gender, homeworld_id, character_specie_id) values (42, 'Darth Maul', 175, 80, '54BBY', 'male', 24, 16);
insert into character_types_colors (character_id, type, color_id) values (42, 'hair', 9);
insert into character_types_colors (character_id, type, color_id) values (42, 'skin', 8);
insert into character_types_colors (character_id, type, color_id) values (42, 'eye', 6);
insert into character (id, name, height, mass, birth_year, gender, homeworld_id, character_specie_id) values (43, 'Bib Fortuna', 180, null, 'NA', 'male', 25, 17);
insert into character_types_colors (character_id, type, color_id) values (43, 'hair', 9);
insert into character_types_colors (character_id, type, color_id) values (43, 'skin', 20);
insert into character_types_colors (character_id, type, color_id) values (43, 'eye', 25);
insert into character (id, name, height, mass, birth_year, gender, homeworld_id, character_specie_id) values (44, 'Ayla Secura', 178, 55, '48BBY', 'female', 25, 17);
insert into character_types_colors (character_id, type, color_id) values (44, 'hair', 9);
insert into character_types_colors (character_id, type, color_id) values (44, 'skin', 3);
insert into character_types_colors (character_id, type, color_id) values (44, 'eye', 19);
insert into character (id, name, height, mass, birth_year, gender, homeworld_id, character_specie_id) values (45, 'Dud Bolt', 94, 45, 'NA', 'male', 26, 18);
insert into character_types_colors (character_id, type, color_id) values (45, 'hair', 9);
insert into character_types_colors (character_id, type, color_id) values (45, 'skin', 3);
insert into character_types_colors (character_id, type, color_id) values (45, 'skin', 12);
insert into character_types_colors (character_id, type, color_id) values (45, 'eye', 6);
insert into character (id, name, height, mass, birth_year, gender, homeworld_id, character_specie_id) values (46, 'Gasgano', 122, null, 'NA', 'male', 27, 19);
insert into character_types_colors (character_id, type, color_id) values (46, 'hair', 9);
insert into character_types_colors (character_id, type, color_id) values (46, 'skin', 7);
insert into character_types_colors (character_id, type, color_id) values (46, 'skin', 3);
insert into character_types_colors (character_id, type, color_id) values (46, 'eye', 13);
insert into character (id, name, height, mass, birth_year, gender, homeworld_id, character_specie_id) values (47, 'Ben Quadinaros', 163, 65, 'NA', 'male', 28, 20);
insert into character_types_colors (character_id, type, color_id) values (47, 'hair', 9);
insert into character_types_colors (character_id, type, color_id) values (47, 'skin', 12);
insert into character_types_colors (character_id, type, color_id) values (47, 'skin', 16);
insert into character_types_colors (character_id, type, color_id) values (47, 'skin', 6);
insert into character_types_colors (character_id, type, color_id) values (47, 'eye', 18);
insert into character (id, name, height, mass, birth_year, gender, homeworld_id, character_specie_id) values (48, 'Mace Windu', 188, 84, '72BBY', 'male', 29, 1);
insert into character_types_colors (character_id, type, color_id) values (48, 'hair', 9);
insert into character_types_colors (character_id, type, color_id) values (48, 'skin', 22);
insert into character_types_colors (character_id, type, color_id) values (48, 'eye', 10);
insert into character (id, name, height, mass, birth_year, gender, homeworld_id, character_specie_id) values (49, 'Ki-Adi-Mundi', 198, 82, '92BBY', 'male', 30, 21);
insert into character_types_colors (character_id, type, color_id) values (49, 'hair', 7);
insert into character_types_colors (character_id, type, color_id) values (49, 'skin', 20);
insert into character_types_colors (character_id, type, color_id) values (49, 'eye', 6);
insert into character (id, name, height, mass, birth_year, gender, homeworld_id, character_specie_id) values (50, 'Kit Fisto', 196, 87, 'NA', 'male', 31, 22);
insert into character_types_colors (character_id, type, color_id) values (50, 'hair', 9);
insert into character_types_colors (character_id, type, color_id) values (50, 'skin', 16);
insert into character_types_colors (character_id, type, color_id) values (50, 'eye', 13);
insert into character (id, name, height, mass, birth_year, gender, homeworld_id, character_specie_id) values (51, 'Eeth Koth', 171, null, 'NA', 'male', 32, 16);
insert into character_types_colors (character_id, type, color_id) values (51, 'hair', 13);
insert into character_types_colors (character_id, type, color_id) values (51, 'skin', 10);
insert into character_types_colors (character_id, type, color_id) values (51, 'eye', 10);
insert into character (id, name, height, mass, birth_year, gender, homeworld_id, character_specie_id) values (52, 'Adi Gallia', 184, 50, 'NA', 'female', 21, 23);
insert into character_types_colors (character_id, type, color_id) values (52, 'hair', 9);
insert into character_types_colors (character_id, type, color_id) values (52, 'skin', 22);
insert into character_types_colors (character_id, type, color_id) values (52, 'eye', 3);
insert into character (id, name, height, mass, birth_year, gender, homeworld_id, character_specie_id) values (53, 'Saesee Tiin', 188, null, 'NA', 'male', 33, 24);
insert into character_types_colors (character_id, type, color_id) values (53, 'hair', 9);
insert into character_types_colors (character_id, type, color_id) values (53, 'skin', 20);
insert into character_types_colors (character_id, type, color_id) values (53, 'eye', 18);
insert into character (id, name, height, mass, birth_year, gender, homeworld_id, character_specie_id) values (54, 'Yarael Poof', 264, null, 'NA', 'male', 34, 25);
insert into character_types_colors (character_id, type, color_id) values (54, 'hair', 9);
insert into character_types_colors (character_id, type, color_id) values (54, 'skin', 7);
insert into character_types_colors (character_id, type, color_id) values (54, 'eye', 6);
insert into character (id, name, height, mass, birth_year, gender, homeworld_id, character_specie_id) values (55, 'Plo Koon', 188, 80, '22BBY', 'male', 35, 26);
insert into character_types_colors (character_id, type, color_id) values (55, 'hair', 9);
insert into character_types_colors (character_id, type, color_id) values (55, 'skin', 18);
insert into character_types_colors (character_id, type, color_id) values (55, 'eye', 13);
insert into character (id, name, height, mass, birth_year, gender, homeworld_id, character_specie_id) values (56, 'Mas Amedda', 196, null, 'NA', 'male', 36, 27);
insert into character_types_colors (character_id, type, color_id) values (56, 'hair', 9);
insert into character_types_colors (character_id, type, color_id) values (56, 'skin', 3);
insert into character_types_colors (character_id, type, color_id) values (56, 'eye', 3);
insert into character (id, name, height, mass, birth_year, gender, homeworld_id, character_specie_id) values (57, 'Gregar Typho', 185, 85, 'NA', 'male', 2, 1);
insert into character_types_colors (character_id, type, color_id) values (57, 'hair', 13);
insert into character_types_colors (character_id, type, color_id) values (57, 'skin', 22);
insert into character_types_colors (character_id, type, color_id) values (57, 'eye', 10);
insert into character (id, name, height, mass, birth_year, gender, homeworld_id, character_specie_id) values (58, 'Cord', 157, null, 'NA', 'female', 2, 1);
insert into character_types_colors (character_id, type, color_id) values (58, 'hair', 10);
insert into character_types_colors (character_id, type, color_id) values (58, 'skin', 11);
insert into character_types_colors (character_id, type, color_id) values (58, 'eye', 10);
insert into character (id, name, height, mass, birth_year, gender, homeworld_id, character_specie_id) values (59, 'Cliegg Lars', 183, null, '82BBY', 'male', 1, 1);
insert into character_types_colors (character_id, type, color_id) values (59, 'hair', 10);
insert into character_types_colors (character_id, type, color_id) values (59, 'skin', 2);
insert into character_types_colors (character_id, type, color_id) values (59, 'eye', 3);
insert into character (id, name, height, mass, birth_year, gender, homeworld_id, character_specie_id) values (60, 'Poggle the Lesser', 183, 80, 'NA', 'male', 37, 28);
insert into character_types_colors (character_id, type, color_id) values (60, 'hair', 9);
insert into character_types_colors (character_id, type, color_id) values (60, 'skin', 16);
insert into character_types_colors (character_id, type, color_id) values (60, 'eye', 6);
insert into character (id, name, height, mass, birth_year, gender, homeworld_id, character_specie_id) values (61, 'Luminara Unduli', 170, 56.2, '58BBY', 'female', 38, 29);
insert into character_types_colors (character_id, type, color_id) values (61, 'hair', 13);
insert into character_types_colors (character_id, type, color_id) values (61, 'skin', 6);
insert into character_types_colors (character_id, type, color_id) values (61, 'eye', 3);
insert into character (id, name, height, mass, birth_year, gender, homeworld_id, character_specie_id) values (62, 'Barriss Offee', 166, 50, '40BBY', 'female', 38, 29);
insert into character_types_colors (character_id, type, color_id) values (62, 'hair', 13);
insert into character_types_colors (character_id, type, color_id) values (62, 'skin', 6);
insert into character_types_colors (character_id, type, color_id) values (62, 'eye', 3);
insert into character (id, name, height, mass, birth_year, gender, homeworld_id, character_specie_id) values (63, 'Dorm', 165, null, 'NA', 'female', 2, 1);
insert into character_types_colors (character_id, type, color_id) values (63, 'hair', 10);
insert into character_types_colors (character_id, type, color_id) values (63, 'skin', 11);
insert into character_types_colors (character_id, type, color_id) values (63, 'eye', 10);
insert into character (id, name, height, mass, birth_year, gender, homeworld_id, character_specie_id) values (64, 'Dooku', 193, 80, '102BBY', 'male', 39, 1);
insert into character_types_colors (character_id, type, color_id) values (64, 'hair', 7);
insert into character_types_colors (character_id, type, color_id) values (64, 'skin', 2);
insert into character_types_colors (character_id, type, color_id) values (64, 'eye', 10);
insert into character (id, name, height, mass, birth_year, gender, homeworld_id, character_specie_id) values (65, 'Bail Prestor Organa', 191, null, '67BBY', 'male', 3, 1);
insert into character_types_colors (character_id, type, color_id) values (65, 'hair', 13);
insert into character_types_colors (character_id, type, color_id) values (65, 'skin', 26);
insert into character_types_colors (character_id, type, color_id) values (65, 'eye', 10);
insert into character (id, name, height, mass, birth_year, gender, homeworld_id, character_specie_id) values (66, 'Jango Fett', 183, 79, '66BBY', 'male', 40, 1);
insert into character_types_colors (character_id, type, color_id) values (66, 'hair', 13);
insert into character_types_colors (character_id, type, color_id) values (66, 'skin', 26);
insert into character_types_colors (character_id, type, color_id) values (66, 'eye', 10);
insert into character (id, name, height, mass, birth_year, gender, homeworld_id, character_specie_id) values (67, 'Zam Wesell', 168, 55, 'NA', 'female', 41, 30);
insert into character_types_colors (character_id, type, color_id) values (67, 'hair', 27);
insert into character_types_colors (character_id, type, color_id) values (67, 'skin', 2);
insert into character_types_colors (character_id, type, color_id) values (67, 'skin', 16);
insert into character_types_colors (character_id, type, color_id) values (67, 'skin', 6);
insert into character_types_colors (character_id, type, color_id) values (67, 'eye', 6);
insert into character (id, name, height, mass, birth_year, gender, homeworld_id, character_specie_id) values (68, 'Dexter Jettster', 198, 102, 'NA', 'male', 42, 31);
insert into character_types_colors (character_id, type, color_id) values (68, 'hair', 9);
insert into character_types_colors (character_id, type, color_id) values (68, 'skin', 10);
insert into character_types_colors (character_id, type, color_id) values (68, 'eye', 6);
insert into character (id, name, height, mass, birth_year, gender, homeworld_id, character_specie_id) values (69, 'Lama Su', 229, 88, 'NA', 'male', 12, 32);
insert into character_types_colors (character_id, type, color_id) values (69, 'hair', 9);
insert into character_types_colors (character_id, type, color_id) values (69, 'skin', 12);
insert into character_types_colors (character_id, type, color_id) values (69, 'eye', 13);
insert into character (id, name, height, mass, birth_year, gender, homeworld_id, character_specie_id) values (70, 'Taun We', 213, null, 'NA', 'female', 12, 32);
insert into character_types_colors (character_id, type, color_id) values (70, 'hair', 9);
insert into character_types_colors (character_id, type, color_id) values (70, 'skin', 12);
insert into character_types_colors (character_id, type, color_id) values (70, 'eye', 13);
insert into character (id, name, height, mass, birth_year, gender, homeworld_id, character_specie_id) values (71, 'Jocasta Nu', 167, null, 'NA', 'female', 21, 1);
insert into character_types_colors (character_id, type, color_id) values (71, 'hair', 7);
insert into character_types_colors (character_id, type, color_id) values (71, 'skin', 2);
insert into character_types_colors (character_id, type, color_id) values (71, 'eye', 3);
insert into character (id, name, height, mass, birth_year, gender, homeworld_id, character_specie_id) values (72, 'Ratts Tyerell', 79, 15, 'NA', 'male', 43, 33);
insert into character_types_colors (character_id, type, color_id) values (72, 'hair', 9);
insert into character_types_colors (character_id, type, color_id) values (72, 'skin', 12);
insert into character_types_colors (character_id, type, color_id) values (72, 'skin', 3);
insert into character_types_colors (character_id, type, color_id) values (72, 'eye', 4);
insert into character (id, name, height, mass, birth_year, gender, homeworld_id, character_specie_id) values (73, 'R4-P17', 96, null, 'NA', 'female', 11, 13);
insert into character_types_colors (character_id, type, color_id) values (73, 'hair', 9);
insert into character_types_colors (character_id, type, color_id) values (73, 'skin', 28);
insert into character_types_colors (character_id, type, color_id) values (73, 'skin', 8);
insert into character_types_colors (character_id, type, color_id) values (73, 'eye', 8);
insert into character_types_colors (character_id, type, color_id) values (73, 'eye', 3);
insert into character (id, name, height, mass, birth_year, gender, homeworld_id, character_specie_id) values (74, 'Wat Tambor', 193, 48, 'NA', 'male', 44, 34);
insert into character_types_colors (character_id, type, color_id) values (74, 'hair', 9);
insert into character_types_colors (character_id, type, color_id) values (74, 'skin', 16);
insert into character_types_colors (character_id, type, color_id) values (74, 'skin', 12);
insert into character_types_colors (character_id, type, color_id) values (74, 'eye', 4);
insert into character (id, name, height, mass, birth_year, gender, homeworld_id, character_specie_id) values (75, 'San Hill', 191, null, 'NA', 'male', 45, 35);
insert into character_types_colors (character_id, type, color_id) values (75, 'hair', 9);
insert into character_types_colors (character_id, type, color_id) values (75, 'skin', 12);
insert into character_types_colors (character_id, type, color_id) values (75, 'eye', 5);
insert into character (id, name, height, mass, birth_year, gender, homeworld_id, character_specie_id) values (76, 'Shaak Ti', 178, 57, 'NA', 'female', 46, 36);
insert into character_types_colors (character_id, type, color_id) values (76, 'hair', 9);
insert into character_types_colors (character_id, type, color_id) values (76, 'skin', 8);
insert into character_types_colors (character_id, type, color_id) values (76, 'skin', 3);
insert into character_types_colors (character_id, type, color_id) values (76, 'skin', 7);
insert into character_types_colors (character_id, type, color_id) values (76, 'eye', 13);
insert into character (id, name, height, mass, birth_year, gender, homeworld_id, character_specie_id) values (77, 'Grievous', 216, 159, 'NA', 'male', 47, 37);
insert into character_types_colors (character_id, type, color_id) values (77, 'hair', 9);
insert into character_types_colors (character_id, type, color_id) values (77, 'skin', 10);
insert into character_types_colors (character_id, type, color_id) values (77, 'skin', 7);
insert into character_types_colors (character_id, type, color_id) values (77, 'eye', 16);
insert into character_types_colors (character_id, type, color_id) values (77, 'eye', 6);
insert into character (id, name, height, mass, birth_year, gender, homeworld_id, character_specie_id) values (78, 'Tarfful', 234, 136, 'NA', 'male', 6, 3);
insert into character_types_colors (character_id, type, color_id) values (78, 'hair', 10);
insert into character_types_colors (character_id, type, color_id) values (78, 'skin', 10);
insert into character_types_colors (character_id, type, color_id) values (78, 'eye', 3);
insert into character (id, name, height, mass, birth_year, gender, homeworld_id, character_specie_id) values (79, 'Raymus Antilles', 188, 79, 'NA', 'male', 3, 1);
insert into character_types_colors (character_id, type, color_id) values (79, 'hair', 10);
insert into character_types_colors (character_id, type, color_id) values (79, 'skin', 11);
insert into character_types_colors (character_id, type, color_id) values (79, 'eye', 10);
insert into character (id, name, height, mass, birth_year, gender, homeworld_id, character_specie_id) values (80, 'Sly Moore', 178, 48, 'NA', 'female', 48, 13);
insert into character_types_colors (character_id, type, color_id) values (80, 'hair', 9);
insert into character_types_colors (character_id, type, color_id) values (80, 'skin', 20);
insert into character_types_colors (character_id, type, color_id) values (80, 'eye', 7);
insert into character (id, name, height, mass, birth_year, gender, homeworld_id, character_specie_id) values (81, 'Tion Medon', 206, 80, 'NA', 'male', 49, 38);
insert into character_types_colors (character_id, type, color_id) values (81, 'hair', 9);
insert into character_types_colors (character_id, type, color_id) values (81, 'skin', 12);
insert into character_types_colors (character_id, type, color_id) values (81, 'eye', 13);
insert into character (id, name, height, mass, birth_year, gender, homeworld_id, character_specie_id) values (82, 'Finn', null, null, 'NA', 'male', 11, 1);
insert into character_types_colors (character_id, type, color_id) values (82, 'hair', 13);
insert into character_types_colors (character_id, type, color_id) values (82, 'skin', 22);
insert into character_types_colors (character_id, type, color_id) values (82, 'eye', 22);
insert into character (id, name, height, mass, birth_year, gender, homeworld_id, character_specie_id) values (83, 'Rey', null, null, 'NA', 'female', 11, 1);
insert into character_types_colors (character_id, type, color_id) values (83, 'hair', 10);
insert into character_types_colors (character_id, type, color_id) values (83, 'skin', 11);
insert into character_types_colors (character_id, type, color_id) values (83, 'eye', 19);
insert into character (id, name, height, mass, birth_year, gender, homeworld_id, character_specie_id) values (84, 'Poe Dameron', null, null, 'NA', 'male', 11, 1);
insert into character_types_colors (character_id, type, color_id) values (84, 'hair', 10);
insert into character_types_colors (character_id, type, color_id) values (84, 'skin', 11);
insert into character_types_colors (character_id, type, color_id) values (84, 'eye', 10);
insert into character (id, name, height, mass, birth_year, gender, homeworld_id, character_specie_id) values (85, 'BB8', null, null, 'NA', 'none', 11, 2);
insert into character_types_colors (character_id, type, color_id) values (85, 'hair', 9);
insert into character_types_colors (character_id, type, color_id) values (85, 'skin', 9);
insert into character_types_colors (character_id, type, color_id) values (85, 'eye', 13);
insert into character (id, name, height, mass, birth_year, gender, homeworld_id, character_specie_id) values (86, 'Captain Phasma', null, null, 'NA', 'female', 11, 13);
insert into character_types_colors (character_id, type, color_id) values (86, 'hair', 4);
insert into character_types_colors (character_id, type, color_id) values (86, 'skin', 4);
insert into character_types_colors (character_id, type, color_id) values (86, 'eye', 4);
insert into character (id, name, height, mass, birth_year, gender, homeworld_id, character_specie_id) values (87, 'Padm Amidala', 165, 45, '46BBY', 'female', 2, 1);
insert into character_types_colors (character_id, type, color_id) values (87, 'hair', 10);
insert into character_types_colors (character_id, type, color_id) values (87, 'skin', 11);
insert into character_types_colors (character_id, type, color_id) values (87, 'eye', 10);


insert into language (id, name) values (1, 'Huttese');
insert into language (id, name) values (2, 'Galactic basic');
insert into language (id, name) values (3, 'Dosh');
insert into language (id, name) values (4, 'Mon Calamarian');
insert into language (id, name) values (5, 'Ewokese');
insert into language (id, name) values (6, 'Sullutese');
insert into language (id, name) values (7, 'Neimoidia');
insert into language (id, name) values (8, 'Gungan basic');
insert into language (id, name) values (9, 'Toydarian');
insert into language (id, name) values (10, 'Dugese');
insert into language (id, name) values (11, 'Twi_leki');
insert into language (id, name) values (12, 'Aleena');
insert into language (id, name) values (13, 'vulpterish');
insert into language (id, name) values (14, 'Xextese');
insert into language (id, name) values (15, 'Tundan');
insert into language (id, name) values (16, 'Cerean');
insert into language (id, name) values (17, 'Nautila');
insert into language (id, name) values (18, 'Zabraki');
insert into language (id, name) values (19, 'NA');
insert into language (id, name) values (20, 'Iktotchese');
insert into language (id, name) values (21, 'Quermian');
insert into language (id, name) values (22, 'Kel Dor');
insert into language (id, name) values (23, 'Chagria');
insert into language (id, name) values (24, 'Geonosian');
insert into language (id, name) values (25, 'Mirialan');
insert into language (id, name) values (26, 'Clawdite');
insert into language (id, name) values (27, 'besalisk');
insert into language (id, name) values (28, 'Kaminoan');
insert into language (id, name) values (29, 'Skakoan');
insert into language (id, name) values (30, 'Muun');
insert into language (id, name) values (31, 'Togruti');
insert into language (id, name) values (32, 'Kaleesh');
insert into language (id, name) values (33, 'Utapese');
insert into language (id, name) values (34, 'Shyriiwook');
insert into language (id, name) values (35, 'Galactic Basic');
insert into color (id, name) values (29, 'magenta');
insert into color (id, name) values (30, 'purple');
insert into color (id, name) values (31, 'gray');
insert into color (id, name) values (32, 'pale pink');
insert into color (id, name) values (33, 'indigo');
insert into color (id, name) values (34, 'peach');
insert into color (id, name) values (35, 'golden');
insert into color (id, name) values (36, 'caucasian');
insert into color (id, name) values (37, 'asian');
insert into color (id, name) values (38, 'hispanic');
insert into color (id, name) values (39, 'amber');
insert into homeworld (id, name) values (50, 'Tholoth');
insert into specie (id, name, average_height, average_lifespan, classification, designation, language_id, homeworld_id) values (1, 'Hutt', 300, 1000, 'gastropod', 'sentient', 1, 9);
insert into specie_types_colors (specie_id, type, color_id) values (1, 'hair', 4);
insert into specie_types_colors (specie_id, type, color_id) values (1, 'hair', 16);
insert into specie_types_colors (specie_id, type, color_id) values (1, 'hair', 10);
insert into specie_types_colors (specie_id, type, color_id) values (1, 'hair', 26);
insert into specie_types_colors (specie_id, type, color_id) values (1, 'hair', 6);
insert into specie_types_colors (specie_id, type, color_id) values (1, 'hair', 8);
insert into specie (id, name, average_height, average_lifespan, classification, designation, language_id, homeworld_id) values (2, 'Yoda_s species', 66, 900, 'mammal', 'sentient', 2, 11);
insert into specie_types_colors (specie_id, type, color_id) values (2, 'hair', 10);
insert into specie_types_colors (specie_id, type, color_id) values (2, 'hair', 7);
insert into specie_types_colors (specie_id, type, color_id) values (2, 'hair', 16);
insert into specie_types_colors (specie_id, type, color_id) values (2, 'hair', 6);
insert into specie_types_colors (specie_id, type, color_id) values (2, 'hair', 10);
insert into specie_types_colors (specie_id, type, color_id) values (2, 'hair', 16);
insert into specie_types_colors (specie_id, type, color_id) values (2, 'hair', 6);
insert into specie (id, name, average_height, average_lifespan, classification, designation, language_id, homeworld_id) values (3, 'Trandoshan', 200, null, 'reptile', 'sentient', 3, 13);
insert into specie_types_colors (specie_id, type, color_id) values (3, 'hair', 9);
insert into specie_types_colors (specie_id, type, color_id) values (3, 'hair', 10);
insert into specie_types_colors (specie_id, type, color_id) values (3, 'hair', 16);
insert into specie_types_colors (specie_id, type, color_id) values (3, 'hair', 6);
insert into specie_types_colors (specie_id, type, color_id) values (3, 'hair', 18);
insert into specie (id, name, average_height, average_lifespan, classification, designation, language_id, homeworld_id) values (4, 'Mon Calamari', 160, null, 'amphibian', 'sentient', 4, 16);
insert into specie_types_colors (specie_id, type, color_id) values (4, 'hair', 9);
insert into specie_types_colors (specie_id, type, color_id) values (4, 'hair', 8);
insert into specie_types_colors (specie_id, type, color_id) values (4, 'hair', 3);
insert into specie_types_colors (specie_id, type, color_id) values (4, 'hair', 10);
insert into specie_types_colors (specie_id, type, color_id) values (4, 'hair', 29);
insert into specie_types_colors (specie_id, type, color_id) values (4, 'hair', 6);
insert into specie (id, name, average_height, average_lifespan, classification, designation, language_id, homeworld_id) values (5, 'Ewok', 100, null, 'mammal', 'sentient', 5, 18);
insert into specie_types_colors (specie_id, type, color_id) values (5, 'hair', 7);
insert into specie_types_colors (specie_id, type, color_id) values (5, 'hair', 10);
insert into specie_types_colors (specie_id, type, color_id) values (5, 'hair', 13);
insert into specie_types_colors (specie_id, type, color_id) values (5, 'hair', 10);
insert into specie_types_colors (specie_id, type, color_id) values (5, 'hair', 18);
insert into specie_types_colors (specie_id, type, color_id) values (5, 'hair', 10);
insert into specie (id, name, average_height, average_lifespan, classification, designation, language_id, homeworld_id) values (6, 'Sullustan', 180, null, 'mammal', 'sentient', 6, 19);
insert into specie_types_colors (specie_id, type, color_id) values (6, 'hair', 9);
insert into specie_types_colors (specie_id, type, color_id) values (6, 'hair', 20);
insert into specie_types_colors (specie_id, type, color_id) values (6, 'hair', 13);
insert into specie (id, name, average_height, average_lifespan, classification, designation, language_id, homeworld_id) values (7, 'Neimodian', 180, null, 'NA', 'sentient', 7, 20);
insert into specie_types_colors (specie_id, type, color_id) values (7, 'hair', 9);
insert into specie_types_colors (specie_id, type, color_id) values (7, 'hair', 12);
insert into specie_types_colors (specie_id, type, color_id) values (7, 'hair', 16);
insert into specie_types_colors (specie_id, type, color_id) values (7, 'hair', 8);
insert into specie_types_colors (specie_id, type, color_id) values (7, 'hair', 25);
insert into specie (id, name, average_height, average_lifespan, classification, designation, language_id, homeworld_id) values (8, 'Gungan', 190, null, 'amphibian', 'sentient', 8, 2);
insert into specie_types_colors (specie_id, type, color_id) values (8, 'hair', 9);
insert into specie_types_colors (specie_id, type, color_id) values (8, 'hair', 10);
insert into specie_types_colors (specie_id, type, color_id) values (8, 'hair', 16);
insert into specie_types_colors (specie_id, type, color_id) values (8, 'hair', 18);
insert into specie (id, name, average_height, average_lifespan, classification, designation, language_id, homeworld_id) values (9, 'Toydarian', 120, 91, 'mammal', 'sentient', 9, 22);
insert into specie_types_colors (specie_id, type, color_id) values (9, 'hair', 9);
insert into specie_types_colors (specie_id, type, color_id) values (9, 'hair', 3);
insert into specie_types_colors (specie_id, type, color_id) values (9, 'hair', 16);
insert into specie_types_colors (specie_id, type, color_id) values (9, 'hair', 12);
insert into specie_types_colors (specie_id, type, color_id) values (9, 'hair', 6);
insert into specie (id, name, average_height, average_lifespan, classification, designation, language_id, homeworld_id) values (10, 'Dug', 100, null, 'mammal', 'sentient', 10, 23);
insert into specie_types_colors (specie_id, type, color_id) values (10, 'hair', 9);
insert into specie_types_colors (specie_id, type, color_id) values (10, 'hair', 10);
insert into specie_types_colors (specie_id, type, color_id) values (10, 'hair', 30);
insert into specie_types_colors (specie_id, type, color_id) values (10, 'hair', 12);
insert into specie_types_colors (specie_id, type, color_id) values (10, 'hair', 8);
insert into specie_types_colors (specie_id, type, color_id) values (10, 'hair', 6);
insert into specie_types_colors (specie_id, type, color_id) values (10, 'hair', 3);
insert into specie (id, name, average_height, average_lifespan, classification, designation, language_id, homeworld_id) values (11, 'Twi_lek', 200, null, 'mammals', 'sentient', 11, 25);
insert into specie_types_colors (specie_id, type, color_id) values (11, 'hair', 9);
insert into specie_types_colors (specie_id, type, color_id) values (11, 'hair', 18);
insert into specie_types_colors (specie_id, type, color_id) values (11, 'hair', 6);
insert into specie_types_colors (specie_id, type, color_id) values (11, 'hair', 3);
insert into specie_types_colors (specie_id, type, color_id) values (11, 'hair', 16);
insert into specie_types_colors (specie_id, type, color_id) values (11, 'hair', 25);
insert into specie_types_colors (specie_id, type, color_id) values (11, 'hair', 30);
insert into specie_types_colors (specie_id, type, color_id) values (11, 'hair', 26);
insert into specie_types_colors (specie_id, type, color_id) values (11, 'hair', 3);
insert into specie_types_colors (specie_id, type, color_id) values (11, 'hair', 10);
insert into specie_types_colors (specie_id, type, color_id) values (11, 'hair', 18);
insert into specie_types_colors (specie_id, type, color_id) values (11, 'hair', 25);
insert into specie (id, name, average_height, average_lifespan, classification, designation, language_id, homeworld_id) values (12, 'Aleena', 80, 79, 'reptile', 'sentient', 12, 43);
insert into specie_types_colors (specie_id, type, color_id) values (12, 'hair', 9);
insert into specie_types_colors (specie_id, type, color_id) values (12, 'hair', 3);
insert into specie_types_colors (specie_id, type, color_id) values (12, 'hair', 31);
insert into specie_types_colors (specie_id, type, color_id) values (12, 'hair', 4);
insert into specie (id, name, average_height, average_lifespan, classification, designation, language_id, homeworld_id) values (13, 'Vulptereen', 100, null, 'NA', 'sentient', 13, 26);
insert into specie_types_colors (specie_id, type, color_id) values (13, 'hair', 9);
insert into specie_types_colors (specie_id, type, color_id) values (13, 'hair', 12);
insert into specie_types_colors (specie_id, type, color_id) values (13, 'hair', 6);
insert into specie (id, name, average_height, average_lifespan, classification, designation, language_id, homeworld_id) values (14, 'Xexto', 125, null, 'NA', 'sentient', 14, 27);
insert into specie_types_colors (specie_id, type, color_id) values (14, 'hair', 9);
insert into specie_types_colors (specie_id, type, color_id) values (14, 'hair', 12);
insert into specie_types_colors (specie_id, type, color_id) values (14, 'hair', 6);
insert into specie_types_colors (specie_id, type, color_id) values (14, 'hair', 30);
insert into specie_types_colors (specie_id, type, color_id) values (14, 'hair', 13);
insert into specie (id, name, average_height, average_lifespan, classification, designation, language_id, homeworld_id) values (15, 'Toong', 200, null, 'NA', 'sentient', 15, 28);
insert into specie_types_colors (specie_id, type, color_id) values (15, 'hair', 9);
insert into specie_types_colors (specie_id, type, color_id) values (15, 'hair', 12);
insert into specie_types_colors (specie_id, type, color_id) values (15, 'hair', 16);
insert into specie_types_colors (specie_id, type, color_id) values (15, 'hair', 6);
insert into specie_types_colors (specie_id, type, color_id) values (15, 'hair', 18);
insert into specie (id, name, average_height, average_lifespan, classification, designation, language_id, homeworld_id) values (16, 'Cerean', 200, null, 'mammal', 'sentient', 16, 30);
insert into specie_types_colors (specie_id, type, color_id) values (16, 'hair', 8);
insert into specie_types_colors (specie_id, type, color_id) values (16, 'hair', 1);
insert into specie_types_colors (specie_id, type, color_id) values (16, 'hair', 13);
insert into specie_types_colors (specie_id, type, color_id) values (16, 'hair', 7);
insert into specie_types_colors (specie_id, type, color_id) values (16, 'hair', 32);
insert into specie_types_colors (specie_id, type, color_id) values (16, 'hair', 19);
insert into specie (id, name, average_height, average_lifespan, classification, designation, language_id, homeworld_id) values (17, 'Nautolan', 180, 70, 'amphibian', 'sentient', 17, 31);
insert into specie_types_colors (specie_id, type, color_id) values (17, 'hair', 9);
insert into specie_types_colors (specie_id, type, color_id) values (17, 'hair', 16);
insert into specie_types_colors (specie_id, type, color_id) values (17, 'hair', 3);
insert into specie_types_colors (specie_id, type, color_id) values (17, 'hair', 10);
insert into specie_types_colors (specie_id, type, color_id) values (17, 'hair', 8);
insert into specie_types_colors (specie_id, type, color_id) values (17, 'hair', 13);
insert into specie (id, name, average_height, average_lifespan, classification, designation, language_id, homeworld_id) values (18, 'Zabrak', 180, null, 'mammal', 'sentient', 18, 32);
insert into specie_types_colors (specie_id, type, color_id) values (18, 'hair', 13);
insert into specie_types_colors (specie_id, type, color_id) values (18, 'hair', 20);
insert into specie_types_colors (specie_id, type, color_id) values (18, 'hair', 10);
insert into specie_types_colors (specie_id, type, color_id) values (18, 'hair', 8);
insert into specie_types_colors (specie_id, type, color_id) values (18, 'hair', 18);
insert into specie_types_colors (specie_id, type, color_id) values (18, 'hair', 6);
insert into specie_types_colors (specie_id, type, color_id) values (18, 'hair', 10);
insert into specie_types_colors (specie_id, type, color_id) values (18, 'hair', 18);
insert into specie (id, name, average_height, average_lifespan, classification, designation, language_id, homeworld_id) values (19, 'Tholothian', null, null, 'mammal', 'sentient', 19, 50);
insert into specie_types_colors (specie_id, type, color_id) values (19, 'hair', 4);
insert into specie_types_colors (specie_id, type, color_id) values (19, 'hair', 22);
insert into specie_types_colors (specie_id, type, color_id) values (19, 'hair', 3);
insert into specie_types_colors (specie_id, type, color_id) values (19, 'hair', 33);
insert into specie (id, name, average_height, average_lifespan, classification, designation, language_id, homeworld_id) values (20, 'Iktotchi', 180, null, 'NA', 'sentient', 20, 33);
insert into specie_types_colors (specie_id, type, color_id) values (20, 'hair', 9);
insert into specie_types_colors (specie_id, type, color_id) values (20, 'hair', 25);
insert into specie_types_colors (specie_id, type, color_id) values (20, 'hair', 18);
insert into specie (id, name, average_height, average_lifespan, classification, designation, language_id, homeworld_id) values (21, 'Quermian', 240, 86, 'mammal', 'sentient', 21, 34);
insert into specie_types_colors (specie_id, type, color_id) values (21, 'hair', 9);
insert into specie_types_colors (specie_id, type, color_id) values (21, 'hair', 7);
insert into specie_types_colors (specie_id, type, color_id) values (21, 'hair', 6);
insert into specie (id, name, average_height, average_lifespan, classification, designation, language_id, homeworld_id) values (22, 'Kel Dor', 180, 70, 'NA', 'sentient', 22, 35);
insert into specie_types_colors (specie_id, type, color_id) values (22, 'hair', 9);
insert into specie_types_colors (specie_id, type, color_id) values (22, 'hair', 34);
insert into specie_types_colors (specie_id, type, color_id) values (22, 'hair', 18);
insert into specie_types_colors (specie_id, type, color_id) values (22, 'hair', 8);
insert into specie_types_colors (specie_id, type, color_id) values (22, 'hair', 13);
insert into specie_types_colors (specie_id, type, color_id) values (22, 'hair', 28);
insert into specie (id, name, average_height, average_lifespan, classification, designation, language_id, homeworld_id) values (23, 'Chagrian', 190, null, 'amphibian', 'sentient', 23, 36);
insert into specie_types_colors (specie_id, type, color_id) values (23, 'hair', 9);
insert into specie_types_colors (specie_id, type, color_id) values (23, 'hair', 3);
insert into specie_types_colors (specie_id, type, color_id) values (23, 'hair', 3);
insert into specie (id, name, average_height, average_lifespan, classification, designation, language_id, homeworld_id) values (24, 'Geonosian', 178, null, 'insectoid', 'sentient', 24, 37);
insert into specie_types_colors (specie_id, type, color_id) values (24, 'hair', 9);
insert into specie_types_colors (specie_id, type, color_id) values (24, 'hair', 16);
insert into specie_types_colors (specie_id, type, color_id) values (24, 'hair', 10);
insert into specie_types_colors (specie_id, type, color_id) values (24, 'hair', 16);
insert into specie_types_colors (specie_id, type, color_id) values (24, 'hair', 19);
insert into specie (id, name, average_height, average_lifespan, classification, designation, language_id, homeworld_id) values (25, 'Mirialan', 180, null, 'mammal', 'sentient', 25, 38);
insert into specie_types_colors (specie_id, type, color_id) values (25, 'hair', 13);
insert into specie_types_colors (specie_id, type, color_id) values (25, 'hair', 10);
insert into specie_types_colors (specie_id, type, color_id) values (25, 'hair', 6);
insert into specie_types_colors (specie_id, type, color_id) values (25, 'hair', 16);
insert into specie_types_colors (specie_id, type, color_id) values (25, 'hair', 3);
insert into specie_types_colors (specie_id, type, color_id) values (25, 'hair', 16);
insert into specie_types_colors (specie_id, type, color_id) values (25, 'hair', 8);
insert into specie_types_colors (specie_id, type, color_id) values (25, 'hair', 6);
insert into specie_types_colors (specie_id, type, color_id) values (25, 'hair', 10);
insert into specie_types_colors (specie_id, type, color_id) values (25, 'hair', 18);
insert into specie (id, name, average_height, average_lifespan, classification, designation, language_id, homeworld_id) values (26, 'Clawdite', 180, 70, 'reptilian', 'sentient', 26, 41);
insert into specie_types_colors (specie_id, type, color_id) values (26, 'hair', 9);
insert into specie_types_colors (specie_id, type, color_id) values (26, 'hair', 16);
insert into specie_types_colors (specie_id, type, color_id) values (26, 'hair', 6);
insert into specie_types_colors (specie_id, type, color_id) values (26, 'hair', 6);
insert into specie (id, name, average_height, average_lifespan, classification, designation, language_id, homeworld_id) values (27, 'Besalisk', 178, 75, 'amphibian', 'sentient', 27, 42);
insert into specie_types_colors (specie_id, type, color_id) values (27, 'hair', 9);
insert into specie_types_colors (specie_id, type, color_id) values (27, 'hair', 10);
insert into specie_types_colors (specie_id, type, color_id) values (27, 'hair', 6);
insert into specie (id, name, average_height, average_lifespan, classification, designation, language_id, homeworld_id) values (28, 'Kaminoan', 220, 80, 'amphibian', 'sentient', 28, 12);
insert into specie_types_colors (specie_id, type, color_id) values (28, 'hair', 9);
insert into specie_types_colors (specie_id, type, color_id) values (28, 'hair', 12);
insert into specie_types_colors (specie_id, type, color_id) values (28, 'hair', 3);
insert into specie_types_colors (specie_id, type, color_id) values (28, 'hair', 13);
insert into specie (id, name, average_height, average_lifespan, classification, designation, language_id, homeworld_id) values (29, 'Skakoan', null, null, 'mammal', 'sentient', 29, 44);
insert into specie_types_colors (specie_id, type, color_id) values (29, 'hair', 9);
insert into specie_types_colors (specie_id, type, color_id) values (29, 'hair', 12);
insert into specie_types_colors (specie_id, type, color_id) values (29, 'hair', 16);
insert into specie_types_colors (specie_id, type, color_id) values (29, 'hair', 4);
insert into specie (id, name, average_height, average_lifespan, classification, designation, language_id, homeworld_id) values (30, 'Muun', 190, 100, 'mammal', 'sentient', 30, 45);
insert into specie_types_colors (specie_id, type, color_id) values (30, 'hair', 9);
insert into specie_types_colors (specie_id, type, color_id) values (30, 'hair', 12);
insert into specie_types_colors (specie_id, type, color_id) values (30, 'hair', 7);
insert into specie_types_colors (specie_id, type, color_id) values (30, 'hair', 13);
insert into specie (id, name, average_height, average_lifespan, classification, designation, language_id, homeworld_id) values (31, 'Togruta', 180, 94, 'mammal', 'sentient', 31, 46);
insert into specie_types_colors (specie_id, type, color_id) values (31, 'hair', 9);
insert into specie_types_colors (specie_id, type, color_id) values (31, 'hair', 8);
insert into specie_types_colors (specie_id, type, color_id) values (31, 'hair', 7);
insert into specie_types_colors (specie_id, type, color_id) values (31, 'hair', 18);
insert into specie_types_colors (specie_id, type, color_id) values (31, 'hair', 6);
insert into specie_types_colors (specie_id, type, color_id) values (31, 'hair', 16);
insert into specie_types_colors (specie_id, type, color_id) values (31, 'hair', 3);
insert into specie_types_colors (specie_id, type, color_id) values (31, 'hair', 8);
insert into specie_types_colors (specie_id, type, color_id) values (31, 'hair', 18);
insert into specie_types_colors (specie_id, type, color_id) values (31, 'hair', 6);
insert into specie_types_colors (specie_id, type, color_id) values (31, 'hair', 16);
insert into specie_types_colors (specie_id, type, color_id) values (31, 'hair', 3);
insert into specie_types_colors (specie_id, type, color_id) values (31, 'hair', 13);
insert into specie (id, name, average_height, average_lifespan, classification, designation, language_id, homeworld_id) values (32, 'Kaleesh', 170, 80, 'reptile', 'sentient', 32, 47);
insert into specie_types_colors (specie_id, type, color_id) values (32, 'hair', 9);
insert into specie_types_colors (specie_id, type, color_id) values (32, 'hair', 10);
insert into specie_types_colors (specie_id, type, color_id) values (32, 'hair', 18);
insert into specie_types_colors (specie_id, type, color_id) values (32, 'hair', 26);
insert into specie_types_colors (specie_id, type, color_id) values (32, 'hair', 6);
insert into specie (id, name, average_height, average_lifespan, classification, designation, language_id, homeworld_id) values (33, 'Pau_an', 190, 700, 'mammal', 'sentient', 33, 49);
insert into specie_types_colors (specie_id, type, color_id) values (33, 'hair', 9);
insert into specie_types_colors (specie_id, type, color_id) values (33, 'hair', 12);
insert into specie_types_colors (specie_id, type, color_id) values (33, 'hair', 13);
insert into specie (id, name, average_height, average_lifespan, classification, designation, language_id, homeworld_id) values (34, 'Wookiee', 210, 400, 'mammal', 'sentient', 34, 6);
insert into specie_types_colors (specie_id, type, color_id) values (34, 'hair', 13);
insert into specie_types_colors (specie_id, type, color_id) values (34, 'hair', 10);
insert into specie_types_colors (specie_id, type, color_id) values (34, 'hair', 31);
insert into specie_types_colors (specie_id, type, color_id) values (34, 'hair', 3);
insert into specie_types_colors (specie_id, type, color_id) values (34, 'hair', 16);
insert into specie_types_colors (specie_id, type, color_id) values (34, 'hair', 6);
insert into specie_types_colors (specie_id, type, color_id) values (34, 'hair', 10);
insert into specie_types_colors (specie_id, type, color_id) values (34, 'hair', 35);
insert into specie_types_colors (specie_id, type, color_id) values (34, 'hair', 8);
insert into specie (id, name, average_height, average_lifespan, classification, designation, language_id, homeworld_id) values (35, 'Droid', null, null, 'artificial', 'sentient', 19, 11);
insert into specie_types_colors (specie_id, type, color_id) values (35, 'hair', 4);
insert into specie_types_colors (specie_id, type, color_id) values (35, 'hair', 4);
insert into specie_types_colors (specie_id, type, color_id) values (35, 'hair', 4);
insert into specie (id, name, average_height, average_lifespan, classification, designation, language_id, homeworld_id) values (36, 'Human', 180, 120, 'mammal', 'sentient', 35, 21);
insert into specie_types_colors (specie_id, type, color_id) values (36, 'hair', 27);
insert into specie_types_colors (specie_id, type, color_id) values (36, 'hair', 10);
insert into specie_types_colors (specie_id, type, color_id) values (36, 'hair', 13);
insert into specie_types_colors (specie_id, type, color_id) values (36, 'hair', 8);
insert into specie_types_colors (specie_id, type, color_id) values (36, 'hair', 36);
insert into specie_types_colors (specie_id, type, color_id) values (36, 'hair', 13);
insert into specie_types_colors (specie_id, type, color_id) values (36, 'hair', 37);
insert into specie_types_colors (specie_id, type, color_id) values (36, 'hair', 38);
insert into specie_types_colors (specie_id, type, color_id) values (36, 'hair', 10);
insert into specie_types_colors (specie_id, type, color_id) values (36, 'hair', 3);
insert into specie_types_colors (specie_id, type, color_id) values (36, 'hair', 16);
insert into specie_types_colors (specie_id, type, color_id) values (36, 'hair', 19);
insert into specie_types_colors (specie_id, type, color_id) values (36, 'hair', 12);
insert into specie_types_colors (specie_id, type, color_id) values (36, 'hair', 39);
insert into specie (id, name, average_height, average_lifespan, classification, designation, language_id, homeworld_id) values (37, 'Rodian', 170, null, 'sentient', 'reptilian', 35, 8);
insert into specie_types_colors (specie_id, type, color_id) values (37, 'hair', 4);
insert into specie_types_colors (specie_id, type, color_id) values (37, 'hair', 16);
insert into specie_types_colors (specie_id, type, color_id) values (37, 'hair', 3);
insert into specie_types_colors (specie_id, type, color_id) values (37, 'hair', 13);